Copyright 1986-2023 Xilinx, Inc. All Rights Reserved.
------------------------------------------------------------------------------------------------------------------------------------------------------------------------------------------------------------
| Tool Version : Vivado v.2022.2.2 (win64) Build 3788238 Tue Feb 21 20:00:34 MST 2023
| Date         : Sun Nov 16 19:07:35 2025
| Host         : DESKTOP-JF7BU5U running 64-bit major release  (build 9200)
| Command      : report_timing_summary -max_paths 10 -report_unconstrained -file robot_timing_summary_routed.rpt -pb robot_timing_summary_routed.pb -rpx robot_timing_summary_routed.rpx -warn_on_violation
| Design       : robot
| Device       : 7a35t-cpg236
| Speed File   : -1  PRODUCTION 1.23 2018-06-13
------------------------------------------------------------------------------------------------------------------------------------------------------------------------------------------------------------

Timing Summary Report

------------------------------------------------------------------------------------------------
| Timer Settings
| --------------
------------------------------------------------------------------------------------------------

  Enable Multi Corner Analysis               :  Yes
  Enable Pessimism Removal                   :  Yes
  Pessimism Removal Resolution               :  Nearest Common Node
  Enable Input Delay Default Clock           :  No
  Enable Preset / Clear Arcs                 :  No
  Disable Flight Delays                      :  No
  Ignore I/O Paths                           :  No
  Timing Early Launch at Borrowing Latches   :  No
  Borrow Time for Max Delay Exceptions       :  Yes
  Merge Timing Exceptions                    :  Yes

  Corner  Analyze    Analyze    
  Name    Max Paths  Min Paths  
  ------  ---------  ---------  
  Slow    Yes        Yes        
  Fast    Yes        Yes        


------------------------------------------------------------------------------------------------
| Report Methodology
| ------------------
------------------------------------------------------------------------------------------------

Rule       Severity          Description                     Violations  
---------  ----------------  ------------------------------  ----------  
TIMING-17  Critical Warning  Non-clocked sequential cell     8           
LUTAR-1    Warning           LUT drives async reset alert    3           
TIMING-18  Warning           Missing input or output delay   3           
TIMING-20  Warning           Non-clocked latch               4           
LATCH-1    Advisory          Existing latches in the design  1           

Note: This report is based on the most recent report_methodology run and may not be up-to-date. Run report_methodology on the current design for the latest report.



check_timing report

Table of Contents
-----------------
1. checking no_clock (69)
2. checking constant_clock (0)
3. checking pulse_width_clock (0)
4. checking unconstrained_internal_endpoints (21)
5. checking no_input_delay (1)
6. checking no_output_delay (7)
7. checking multiple_clock (0)
8. checking generated_clocks (0)
9. checking loops (0)
10. checking partial_input_delay (0)
11. checking partial_output_delay (0)
12. checking latch_loops (0)

1. checking no_clock (69)
-------------------------
 There are 8 register/latch pins with no clock driven by root clock pin: PWM1/CLOCK/q_reg[6]/Q (HIGH)

 There is 1 register/latch pin with no clock driven by root clock pin: PWM1/count_reg[1]/Q (HIGH)

 There is 1 register/latch pin with no clock driven by root clock pin: PWM1/count_reg[2]/Q (HIGH)

 There is 1 register/latch pin with no clock driven by root clock pin: PWM1/count_reg[3]/Q (HIGH)

 There is 1 register/latch pin with no clock driven by root clock pin: PWM1/count_reg[4]/Q (HIGH)

 There is 1 register/latch pin with no clock driven by root clock pin: PWM1/count_reg[5]/Q (HIGH)

 There is 1 register/latch pin with no clock driven by root clock pin: PWM1/count_reg[6]/Q (HIGH)

 There is 1 register/latch pin with no clock driven by root clock pin: PWM1/count_reg[7]/Q (HIGH)

 There are 3 register/latch pins with no clock driven by root clock pin: ultrasonic_Middle/counter_echo_pulse/count_reg[10]/Q (HIGH)

 There are 3 register/latch pins with no clock driven by root clock pin: ultrasonic_Middle/counter_echo_pulse/count_reg[11]/Q (HIGH)

 There are 3 register/latch pins with no clock driven by root clock pin: ultrasonic_Middle/counter_echo_pulse/count_reg[12]/Q (HIGH)

 There are 3 register/latch pins with no clock driven by root clock pin: ultrasonic_Middle/counter_echo_pulse/count_reg[13]/Q (HIGH)

 There are 3 register/latch pins with no clock driven by root clock pin: ultrasonic_Middle/counter_echo_pulse/count_reg[14]/Q (HIGH)

 There are 3 register/latch pins with no clock driven by root clock pin: ultrasonic_Middle/counter_echo_pulse/count_reg[15]/Q (HIGH)

 There are 3 register/latch pins with no clock driven by root clock pin: ultrasonic_Middle/counter_echo_pulse/count_reg[16]/Q (HIGH)

 There are 3 register/latch pins with no clock driven by root clock pin: ultrasonic_Middle/counter_echo_pulse/count_reg[17]/Q (HIGH)

 There are 3 register/latch pins with no clock driven by root clock pin: ultrasonic_Middle/counter_echo_pulse/count_reg[18]/Q (HIGH)

 There are 3 register/latch pins with no clock driven by root clock pin: ultrasonic_Middle/counter_echo_pulse/count_reg[19]/Q (HIGH)

 There are 3 register/latch pins with no clock driven by root clock pin: ultrasonic_Middle/counter_echo_pulse/count_reg[20]/Q (HIGH)

 There are 3 register/latch pins with no clock driven by root clock pin: ultrasonic_Middle/counter_echo_pulse/count_reg[21]/Q (HIGH)

 There are 3 register/latch pins with no clock driven by root clock pin: ultrasonic_Middle/counter_echo_pulse/count_reg[4]/Q (HIGH)

 There are 3 register/latch pins with no clock driven by root clock pin: ultrasonic_Middle/counter_echo_pulse/count_reg[5]/Q (HIGH)

 There are 3 register/latch pins with no clock driven by root clock pin: ultrasonic_Middle/counter_echo_pulse/count_reg[6]/Q (HIGH)

 There are 3 register/latch pins with no clock driven by root clock pin: ultrasonic_Middle/counter_echo_pulse/count_reg[7]/Q (HIGH)

 There are 3 register/latch pins with no clock driven by root clock pin: ultrasonic_Middle/counter_echo_pulse/count_reg[8]/Q (HIGH)

 There are 3 register/latch pins with no clock driven by root clock pin: ultrasonic_Middle/counter_echo_pulse/count_reg[9]/Q (HIGH)


2. checking constant_clock (0)
------------------------------
 There are 0 register/latch pins with constant_clock.


3. checking pulse_width_clock (0)
---------------------------------
 There are 0 register/latch pins which need pulse_width check


4. checking unconstrained_internal_endpoints (21)
-------------------------------------------------
 There are 21 pins that are not constrained for maximum delay. (HIGH)

 There are 0 pins that are not constrained for maximum delay due to constant clock.


5. checking no_input_delay (1)
------------------------------
 There is 1 input port with no input delay specified. (HIGH)

 There are 0 input ports with no input delay but user has a false path constraint.


6. checking no_output_delay (7)
-------------------------------
 There are 7 ports with no output delay specified. (HIGH)

 There are 0 ports with no output delay but user has a false path constraint

 There are 0 ports with no output delay but with a timing clock defined on it or propagating through it


7. checking multiple_clock (0)
------------------------------
 There are 0 register/latch pins with multiple clocks.


8. checking generated_clocks (0)
--------------------------------
 There are 0 generated clocks that are not connected to a clock source.


9. checking loops (0)
---------------------
 There are 0 combinational loops in the design.


10. checking partial_input_delay (0)
------------------------------------
 There are 0 input ports with partial input delay specified.


11. checking partial_output_delay (0)
-------------------------------------
 There are 0 ports with partial output delay specified.


12. checking latch_loops (0)
----------------------------
 There are 0 combinational latch loops in the design through latch input



------------------------------------------------------------------------------------------------
| Design Timing Summary
| ---------------------
------------------------------------------------------------------------------------------------

    WNS(ns)      TNS(ns)  TNS Failing Endpoints  TNS Total Endpoints      WHS(ns)      THS(ns)  THS Failing Endpoints  THS Total Endpoints     WPWS(ns)     TPWS(ns)  TPWS Failing Endpoints  TPWS Total Endpoints  
    -------      -------  ---------------------  -------------------      -------      -------  ---------------------  -------------------     --------     --------  ----------------------  --------------------  
     14.928        0.000                      0                   99        0.268        0.000                      0                   99        9.500        0.000                       0                    54  


All user specified timing constraints are met.


------------------------------------------------------------------------------------------------
| Clock Summary
| -------------
------------------------------------------------------------------------------------------------

Clock    Waveform(ns)       Period(ns)      Frequency(MHz)
-----    ------------       ----------      --------------
fpgaclk  {0.000 10.000}     20.000          50.000          


------------------------------------------------------------------------------------------------
| Intra Clock Table
| -----------------
------------------------------------------------------------------------------------------------

Clock             WNS(ns)      TNS(ns)  TNS Failing Endpoints  TNS Total Endpoints      WHS(ns)      THS(ns)  THS Failing Endpoints  THS Total Endpoints     WPWS(ns)     TPWS(ns)  TPWS Failing Endpoints  TPWS Total Endpoints  
-----             -------      -------  ---------------------  -------------------      -------      -------  ---------------------  -------------------     --------     --------  ----------------------  --------------------  
fpgaclk            17.393        0.000                      0                   53        0.268        0.000                      0                   53        9.500        0.000                       0                    54  


------------------------------------------------------------------------------------------------
| Inter Clock Table
| -----------------
------------------------------------------------------------------------------------------------

From Clock    To Clock          WNS(ns)      TNS(ns)  TNS Failing Endpoints  TNS Total Endpoints      WHS(ns)      THS(ns)  THS Failing Endpoints  THS Total Endpoints  
----------    --------          -------      -------  ---------------------  -------------------      -------      -------  ---------------------  -------------------  


------------------------------------------------------------------------------------------------
| Other Path Groups Table
| -----------------------
------------------------------------------------------------------------------------------------

Path Group         From Clock         To Clock               WNS(ns)      TNS(ns)  TNS Failing Endpoints  TNS Total Endpoints      WHS(ns)      THS(ns)  THS Failing Endpoints  THS Total Endpoints  
----------         ----------         --------               -------      -------  ---------------------  -------------------      -------      -------  ---------------------  -------------------  
**async_default**  fpgaclk            fpgaclk                 14.928        0.000                      0                   46        0.595        0.000                      0                   46  


------------------------------------------------------------------------------------------------
| User Ignored Path Table
| -----------------------
------------------------------------------------------------------------------------------------

Path Group    From Clock    To Clock    
----------    ----------    --------    


------------------------------------------------------------------------------------------------
| Unconstrained Path Table
| ------------------------
------------------------------------------------------------------------------------------------

Path Group    From Clock    To Clock    
----------    ----------    --------    
(none)                                    
(none)        fpgaclk                     
(none)                      fpgaclk       


------------------------------------------------------------------------------------------------
| Timing Details
| --------------
------------------------------------------------------------------------------------------------


---------------------------------------------------------------------------------------------------
From Clock:  fpgaclk
  To Clock:  fpgaclk

Setup :            0  Failing Endpoints,  Worst Slack       17.393ns,  Total Violation        0.000ns
Hold  :            0  Failing Endpoints,  Worst Slack        0.268ns,  Total Violation        0.000ns
PW    :            0  Failing Endpoints,  Worst Slack        9.500ns,  Total Violation        0.000ns
---------------------------------------------------------------------------------------------------


Max Delay Paths
--------------------------------------------------------------------------------------
Slack (MET) :             17.393ns  (required time - arrival time)
  Source:                 ultrasonic_Middle/counter_echo_pulse/count_reg[5]/C
                            (rising edge-triggered cell FDCE clocked by fpgaclk  {rise@0.000ns fall@10.000ns period=20.000ns})
  Destination:            ultrasonic_Middle/counter_echo_pulse/count_reg[21]/D
                            (rising edge-triggered cell FDCE clocked by fpgaclk  {rise@0.000ns fall@10.000ns period=20.000ns})
  Path Group:             fpgaclk
  Path Type:              Setup (Max at Slow Process Corner)
  Requirement:            20.000ns  (fpgaclk rise@20.000ns - fpgaclk rise@0.000ns)
  Data Path Delay:        2.615ns  (logic 1.806ns (69.060%)  route 0.809ns (30.940%))
  Logic Levels:           5  (CARRY4=5)
  Clock Path Skew:        -0.019ns (DCD - SCD + CPR)
    Destination Clock Delay (DCD):    5.016ns = ( 25.016 - 20.000 ) 
    Source Clock Delay      (SCD):    5.316ns
    Clock Pessimism Removal (CPR):    0.281ns
  Clock Uncertainty:      0.035ns  ((TSJ^2 + TIJ^2)^1/2 + DJ) / 2 + PE
    Total System Jitter     (TSJ):    0.071ns
    Total Input Jitter      (TIJ):    0.000ns
    Discrete Jitter          (DJ):    0.000ns
    Phase Error              (PE):    0.000ns

    Location             Delay type                Incr(ns)  Path(ns)    Netlist Resource(s)
  -------------------------------------------------------------------    -------------------
                         (clock fpgaclk rise edge)    0.000     0.000 r  
    W5                                                0.000     0.000 r  fpgaclk (IN)
                         net (fo=0)                   0.000     0.000    fpgaclk
    W5                   IBUF (Prop_ibuf_I_O)         1.458     1.458 r  fpgaclk_IBUF_inst/O
                         net (fo=1, routed)           1.967     3.425    fpgaclk_IBUF
    BUFGCTRL_X0Y0        BUFG (Prop_bufg_I_O)         0.096     3.521 r  fpgaclk_IBUF_BUFG_inst/O
                         net (fo=53, routed)          1.795     5.316    ultrasonic_Middle/counter_echo_pulse/fpgaclk_IBUF_BUFG
    SLICE_X4Y129         FDCE                                         r  ultrasonic_Middle/counter_echo_pulse/count_reg[5]/C
  -------------------------------------------------------------------    -------------------
    SLICE_X4Y129         FDCE (Prop_fdce_C_Q)         0.456     5.772 r  ultrasonic_Middle/counter_echo_pulse/count_reg[5]/Q
                         net (fo=3, routed)           0.809     6.581    ultrasonic_Middle/counter_echo_pulse/count_reg[5]
    SLICE_X4Y129         CARRY4 (Prop_carry4_S[1]_CO[3])
                                                      0.674     7.255 r  ultrasonic_Middle/counter_echo_pulse/count_reg[4]_i_1__1/CO[3]
                         net (fo=1, routed)           0.000     7.255    ultrasonic_Middle/counter_echo_pulse/count_reg[4]_i_1__1_n_0
    SLICE_X4Y130         CARRY4 (Prop_carry4_CI_CO[3])
                                                      0.114     7.369 r  ultrasonic_Middle/counter_echo_pulse/count_reg[8]_i_1__0/CO[3]
                         net (fo=1, routed)           0.000     7.369    ultrasonic_Middle/counter_echo_pulse/count_reg[8]_i_1__0_n_0
    SLICE_X4Y131         CARRY4 (Prop_carry4_CI_CO[3])
                                                      0.114     7.483 r  ultrasonic_Middle/counter_echo_pulse/count_reg[12]_i_1__0/CO[3]
                         net (fo=1, routed)           0.000     7.483    ultrasonic_Middle/counter_echo_pulse/count_reg[12]_i_1__0_n_0
    SLICE_X4Y132         CARRY4 (Prop_carry4_CI_CO[3])
                                                      0.114     7.597 r  ultrasonic_Middle/counter_echo_pulse/count_reg[16]_i_1__0/CO[3]
                         net (fo=1, routed)           0.000     7.597    ultrasonic_Middle/counter_echo_pulse/count_reg[16]_i_1__0_n_0
    SLICE_X4Y133         CARRY4 (Prop_carry4_CI_O[1])
                                                      0.334     7.931 r  ultrasonic_Middle/counter_echo_pulse/count_reg[20]_i_1__0/O[1]
                         net (fo=1, routed)           0.000     7.931    ultrasonic_Middle/counter_echo_pulse/count_reg[20]_i_1__0_n_6
    SLICE_X4Y133         FDCE                                         r  ultrasonic_Middle/counter_echo_pulse/count_reg[21]/D
  -------------------------------------------------------------------    -------------------

                         (clock fpgaclk rise edge)   20.000    20.000 r  
    W5                                                0.000    20.000 r  fpgaclk (IN)
                         net (fo=0)                   0.000    20.000    fpgaclk
    W5                   IBUF (Prop_ibuf_I_O)         1.388    21.388 r  fpgaclk_IBUF_inst/O
                         net (fo=1, routed)           1.862    23.250    fpgaclk_IBUF
    BUFGCTRL_X0Y0        BUFG (Prop_bufg_I_O)         0.091    23.341 r  fpgaclk_IBUF_BUFG_inst/O
                         net (fo=53, routed)          1.675    25.016    ultrasonic_Middle/counter_echo_pulse/fpgaclk_IBUF_BUFG
    SLICE_X4Y133         FDCE                                         r  ultrasonic_Middle/counter_echo_pulse/count_reg[21]/C
                         clock pessimism              0.281    25.297    
                         clock uncertainty           -0.035    25.262    
    SLICE_X4Y133         FDCE (Setup_fdce_C_D)        0.062    25.324    ultrasonic_Middle/counter_echo_pulse/count_reg[21]
  -------------------------------------------------------------------
                         required time                         25.324    
                         arrival time                          -7.931    
  -------------------------------------------------------------------
                         slack                                 17.393    

Slack (MET) :             17.494ns  (required time - arrival time)
  Source:                 ultrasonic_Middle/trigger_generation/trigger_gen/count_reg[1]/C
                            (rising edge-triggered cell FDCE clocked by fpgaclk  {rise@0.000ns fall@10.000ns period=20.000ns})
  Destination:            ultrasonic_Middle/trigger_generation/trigger_gen/count_reg[21]/D
                            (rising edge-triggered cell FDCE clocked by fpgaclk  {rise@0.000ns fall@10.000ns period=20.000ns})
  Path Group:             fpgaclk
  Path Type:              Setup (Max at Slow Process Corner)
  Requirement:            20.000ns  (fpgaclk rise@20.000ns - fpgaclk rise@0.000ns)
  Data Path Delay:        2.502ns  (logic 1.920ns (76.732%)  route 0.582ns (23.268%))
  Logic Levels:           6  (CARRY4=6)
  Clock Path Skew:        -0.030ns (DCD - SCD + CPR)
    Destination Clock Delay (DCD):    5.013ns = ( 25.013 - 20.000 ) 
    Source Clock Delay      (SCD):    5.310ns
    Clock Pessimism Removal (CPR):    0.267ns
  Clock Uncertainty:      0.035ns  ((TSJ^2 + TIJ^2)^1/2 + DJ) / 2 + PE
    Total System Jitter     (TSJ):    0.071ns
    Total Input Jitter      (TIJ):    0.000ns
    Discrete Jitter          (DJ):    0.000ns
    Phase Error              (PE):    0.000ns

    Location             Delay type                Incr(ns)  Path(ns)    Netlist Resource(s)
  -------------------------------------------------------------------    -------------------
                         (clock fpgaclk rise edge)    0.000     0.000 r  
    W5                                                0.000     0.000 r  fpgaclk (IN)
                         net (fo=0)                   0.000     0.000    fpgaclk
    W5                   IBUF (Prop_ibuf_I_O)         1.458     1.458 r  fpgaclk_IBUF_inst/O
                         net (fo=1, routed)           1.967     3.425    fpgaclk_IBUF
    BUFGCTRL_X0Y0        BUFG (Prop_bufg_I_O)         0.096     3.521 r  fpgaclk_IBUF_BUFG_inst/O
                         net (fo=53, routed)          1.789     5.310    ultrasonic_Middle/trigger_generation/trigger_gen/fpgaclk_IBUF_BUFG
    SLICE_X0Y124         FDCE                                         r  ultrasonic_Middle/trigger_generation/trigger_gen/count_reg[1]/C
  -------------------------------------------------------------------    -------------------
    SLICE_X0Y124         FDCE (Prop_fdce_C_Q)         0.456     5.766 r  ultrasonic_Middle/trigger_generation/trigger_gen/count_reg[1]/Q
                         net (fo=4, routed)           0.573     6.339    ultrasonic_Middle/trigger_generation/trigger_gen/count_reg[1]
    SLICE_X0Y124         CARRY4 (Prop_carry4_S[1]_CO[3])
                                                      0.674     7.013 r  ultrasonic_Middle/trigger_generation/trigger_gen/count_reg[0]_i_1/CO[3]
                         net (fo=1, routed)           0.009     7.022    ultrasonic_Middle/trigger_generation/trigger_gen/count_reg[0]_i_1_n_0
    SLICE_X0Y125         CARRY4 (Prop_carry4_CI_CO[3])
                                                      0.114     7.136 r  ultrasonic_Middle/trigger_generation/trigger_gen/count_reg[4]_i_1__0/CO[3]
                         net (fo=1, routed)           0.000     7.136    ultrasonic_Middle/trigger_generation/trigger_gen/count_reg[4]_i_1__0_n_0
    SLICE_X0Y126         CARRY4 (Prop_carry4_CI_CO[3])
                                                      0.114     7.250 r  ultrasonic_Middle/trigger_generation/trigger_gen/count_reg[8]_i_1/CO[3]
                         net (fo=1, routed)           0.000     7.250    ultrasonic_Middle/trigger_generation/trigger_gen/count_reg[8]_i_1_n_0
    SLICE_X0Y127         CARRY4 (Prop_carry4_CI_CO[3])
                                                      0.114     7.364 r  ultrasonic_Middle/trigger_generation/trigger_gen/count_reg[12]_i_1/CO[3]
                         net (fo=1, routed)           0.000     7.364    ultrasonic_Middle/trigger_generation/trigger_gen/count_reg[12]_i_1_n_0
    SLICE_X0Y128         CARRY4 (Prop_carry4_CI_CO[3])
                                                      0.114     7.478 r  ultrasonic_Middle/trigger_generation/trigger_gen/count_reg[16]_i_1/CO[3]
                         net (fo=1, routed)           0.000     7.478    ultrasonic_Middle/trigger_generation/trigger_gen/count_reg[16]_i_1_n_0
    SLICE_X0Y129         CARRY4 (Prop_carry4_CI_O[1])
                                                      0.334     7.812 r  ultrasonic_Middle/trigger_generation/trigger_gen/count_reg[20]_i_1/O[1]
                         net (fo=1, routed)           0.000     7.812    ultrasonic_Middle/trigger_generation/trigger_gen/count_reg[20]_i_1_n_6
    SLICE_X0Y129         FDCE                                         r  ultrasonic_Middle/trigger_generation/trigger_gen/count_reg[21]/D
  -------------------------------------------------------------------    -------------------

                         (clock fpgaclk rise edge)   20.000    20.000 r  
    W5                                                0.000    20.000 r  fpgaclk (IN)
                         net (fo=0)                   0.000    20.000    fpgaclk
    W5                   IBUF (Prop_ibuf_I_O)         1.388    21.388 r  fpgaclk_IBUF_inst/O
                         net (fo=1, routed)           1.862    23.250    fpgaclk_IBUF
    BUFGCTRL_X0Y0        BUFG (Prop_bufg_I_O)         0.091    23.341 r  fpgaclk_IBUF_BUFG_inst/O
                         net (fo=53, routed)          1.672    25.013    ultrasonic_Middle/trigger_generation/trigger_gen/fpgaclk_IBUF_BUFG
    SLICE_X0Y129         FDCE                                         r  ultrasonic_Middle/trigger_generation/trigger_gen/count_reg[21]/C
                         clock pessimism              0.267    25.280    
                         clock uncertainty           -0.035    25.245    
    SLICE_X0Y129         FDCE (Setup_fdce_C_D)        0.062    25.307    ultrasonic_Middle/trigger_generation/trigger_gen/count_reg[21]
  -------------------------------------------------------------------
                         required time                         25.307    
                         arrival time                          -7.812    
  -------------------------------------------------------------------
                         slack                                 17.494    

Slack (MET) :             17.504ns  (required time - arrival time)
  Source:                 ultrasonic_Middle/counter_echo_pulse/count_reg[5]/C
                            (rising edge-triggered cell FDCE clocked by fpgaclk  {rise@0.000ns fall@10.000ns period=20.000ns})
  Destination:            ultrasonic_Middle/counter_echo_pulse/count_reg[20]/D
                            (rising edge-triggered cell FDCE clocked by fpgaclk  {rise@0.000ns fall@10.000ns period=20.000ns})
  Path Group:             fpgaclk
  Path Type:              Setup (Max at Slow Process Corner)
  Requirement:            20.000ns  (fpgaclk rise@20.000ns - fpgaclk rise@0.000ns)
  Data Path Delay:        2.504ns  (logic 1.695ns (67.689%)  route 0.809ns (32.311%))
  Logic Levels:           5  (CARRY4=5)
  Clock Path Skew:        -0.019ns (DCD - SCD + CPR)
    Destination Clock Delay (DCD):    5.016ns = ( 25.016 - 20.000 ) 
    Source Clock Delay      (SCD):    5.316ns
    Clock Pessimism Removal (CPR):    0.281ns
  Clock Uncertainty:      0.035ns  ((TSJ^2 + TIJ^2)^1/2 + DJ) / 2 + PE
    Total System Jitter     (TSJ):    0.071ns
    Total Input Jitter      (TIJ):    0.000ns
    Discrete Jitter          (DJ):    0.000ns
    Phase Error              (PE):    0.000ns

    Location             Delay type                Incr(ns)  Path(ns)    Netlist Resource(s)
  -------------------------------------------------------------------    -------------------
                         (clock fpgaclk rise edge)    0.000     0.000 r  
    W5                                                0.000     0.000 r  fpgaclk (IN)
                         net (fo=0)                   0.000     0.000    fpgaclk
    W5                   IBUF (Prop_ibuf_I_O)         1.458     1.458 r  fpgaclk_IBUF_inst/O
                         net (fo=1, routed)           1.967     3.425    fpgaclk_IBUF
    BUFGCTRL_X0Y0        BUFG (Prop_bufg_I_O)         0.096     3.521 r  fpgaclk_IBUF_BUFG_inst/O
                         net (fo=53, routed)          1.795     5.316    ultrasonic_Middle/counter_echo_pulse/fpgaclk_IBUF_BUFG
    SLICE_X4Y129         FDCE                                         r  ultrasonic_Middle/counter_echo_pulse/count_reg[5]/C
  -------------------------------------------------------------------    -------------------
    SLICE_X4Y129         FDCE (Prop_fdce_C_Q)         0.456     5.772 r  ultrasonic_Middle/counter_echo_pulse/count_reg[5]/Q
                         net (fo=3, routed)           0.809     6.581    ultrasonic_Middle/counter_echo_pulse/count_reg[5]
    SLICE_X4Y129         CARRY4 (Prop_carry4_S[1]_CO[3])
                                                      0.674     7.255 r  ultrasonic_Middle/counter_echo_pulse/count_reg[4]_i_1__1/CO[3]
                         net (fo=1, routed)           0.000     7.255    ultrasonic_Middle/counter_echo_pulse/count_reg[4]_i_1__1_n_0
    SLICE_X4Y130         CARRY4 (Prop_carry4_CI_CO[3])
                                                      0.114     7.369 r  ultrasonic_Middle/counter_echo_pulse/count_reg[8]_i_1__0/CO[3]
                         net (fo=1, routed)           0.000     7.369    ultrasonic_Middle/counter_echo_pulse/count_reg[8]_i_1__0_n_0
    SLICE_X4Y131         CARRY4 (Prop_carry4_CI_CO[3])
                                                      0.114     7.483 r  ultrasonic_Middle/counter_echo_pulse/count_reg[12]_i_1__0/CO[3]
                         net (fo=1, routed)           0.000     7.483    ultrasonic_Middle/counter_echo_pulse/count_reg[12]_i_1__0_n_0
    SLICE_X4Y132         CARRY4 (Prop_carry4_CI_CO[3])
                                                      0.114     7.597 r  ultrasonic_Middle/counter_echo_pulse/count_reg[16]_i_1__0/CO[3]
                         net (fo=1, routed)           0.000     7.597    ultrasonic_Middle/counter_echo_pulse/count_reg[16]_i_1__0_n_0
    SLICE_X4Y133         CARRY4 (Prop_carry4_CI_O[0])
                                                      0.223     7.820 r  ultrasonic_Middle/counter_echo_pulse/count_reg[20]_i_1__0/O[0]
                         net (fo=1, routed)           0.000     7.820    ultrasonic_Middle/counter_echo_pulse/count_reg[20]_i_1__0_n_7
    SLICE_X4Y133         FDCE                                         r  ultrasonic_Middle/counter_echo_pulse/count_reg[20]/D
  -------------------------------------------------------------------    -------------------

                         (clock fpgaclk rise edge)   20.000    20.000 r  
    W5                                                0.000    20.000 r  fpgaclk (IN)
                         net (fo=0)                   0.000    20.000    fpgaclk
    W5                   IBUF (Prop_ibuf_I_O)         1.388    21.388 r  fpgaclk_IBUF_inst/O
                         net (fo=1, routed)           1.862    23.250    fpgaclk_IBUF
    BUFGCTRL_X0Y0        BUFG (Prop_bufg_I_O)         0.091    23.341 r  fpgaclk_IBUF_BUFG_inst/O
                         net (fo=53, routed)          1.675    25.016    ultrasonic_Middle/counter_echo_pulse/fpgaclk_IBUF_BUFG
    SLICE_X4Y133         FDCE                                         r  ultrasonic_Middle/counter_echo_pulse/count_reg[20]/C
                         clock pessimism              0.281    25.297    
                         clock uncertainty           -0.035    25.262    
    SLICE_X4Y133         FDCE (Setup_fdce_C_D)        0.062    25.324    ultrasonic_Middle/counter_echo_pulse/count_reg[20]
  -------------------------------------------------------------------
                         required time                         25.324    
                         arrival time                          -7.820    
  -------------------------------------------------------------------
                         slack                                 17.504    

Slack (MET) :             17.506ns  (required time - arrival time)
  Source:                 ultrasonic_Middle/counter_echo_pulse/count_reg[5]/C
                            (rising edge-triggered cell FDCE clocked by fpgaclk  {rise@0.000ns fall@10.000ns period=20.000ns})
  Destination:            ultrasonic_Middle/counter_echo_pulse/count_reg[17]/D
                            (rising edge-triggered cell FDCE clocked by fpgaclk  {rise@0.000ns fall@10.000ns period=20.000ns})
  Path Group:             fpgaclk
  Path Type:              Setup (Max at Slow Process Corner)
  Requirement:            20.000ns  (fpgaclk rise@20.000ns - fpgaclk rise@0.000ns)
  Data Path Delay:        2.501ns  (logic 1.692ns (67.650%)  route 0.809ns (32.350%))
  Logic Levels:           4  (CARRY4=4)
  Clock Path Skew:        -0.020ns (DCD - SCD + CPR)
    Destination Clock Delay (DCD):    5.015ns = ( 25.015 - 20.000 ) 
    Source Clock Delay      (SCD):    5.316ns
    Clock Pessimism Removal (CPR):    0.281ns
  Clock Uncertainty:      0.035ns  ((TSJ^2 + TIJ^2)^1/2 + DJ) / 2 + PE
    Total System Jitter     (TSJ):    0.071ns
    Total Input Jitter      (TIJ):    0.000ns
    Discrete Jitter          (DJ):    0.000ns
    Phase Error              (PE):    0.000ns

    Location             Delay type                Incr(ns)  Path(ns)    Netlist Resource(s)
  -------------------------------------------------------------------    -------------------
                         (clock fpgaclk rise edge)    0.000     0.000 r  
    W5                                                0.000     0.000 r  fpgaclk (IN)
                         net (fo=0)                   0.000     0.000    fpgaclk
    W5                   IBUF (Prop_ibuf_I_O)         1.458     1.458 r  fpgaclk_IBUF_inst/O
                         net (fo=1, routed)           1.967     3.425    fpgaclk_IBUF
    BUFGCTRL_X0Y0        BUFG (Prop_bufg_I_O)         0.096     3.521 r  fpgaclk_IBUF_BUFG_inst/O
                         net (fo=53, routed)          1.795     5.316    ultrasonic_Middle/counter_echo_pulse/fpgaclk_IBUF_BUFG
    SLICE_X4Y129         FDCE                                         r  ultrasonic_Middle/counter_echo_pulse/count_reg[5]/C
  -------------------------------------------------------------------    -------------------
    SLICE_X4Y129         FDCE (Prop_fdce_C_Q)         0.456     5.772 r  ultrasonic_Middle/counter_echo_pulse/count_reg[5]/Q
                         net (fo=3, routed)           0.809     6.581    ultrasonic_Middle/counter_echo_pulse/count_reg[5]
    SLICE_X4Y129         CARRY4 (Prop_carry4_S[1]_CO[3])
                                                      0.674     7.255 r  ultrasonic_Middle/counter_echo_pulse/count_reg[4]_i_1__1/CO[3]
                         net (fo=1, routed)           0.000     7.255    ultrasonic_Middle/counter_echo_pulse/count_reg[4]_i_1__1_n_0
    SLICE_X4Y130         CARRY4 (Prop_carry4_CI_CO[3])
                                                      0.114     7.369 r  ultrasonic_Middle/counter_echo_pulse/count_reg[8]_i_1__0/CO[3]
                         net (fo=1, routed)           0.000     7.369    ultrasonic_Middle/counter_echo_pulse/count_reg[8]_i_1__0_n_0
    SLICE_X4Y131         CARRY4 (Prop_carry4_CI_CO[3])
                                                      0.114     7.483 r  ultrasonic_Middle/counter_echo_pulse/count_reg[12]_i_1__0/CO[3]
                         net (fo=1, routed)           0.000     7.483    ultrasonic_Middle/counter_echo_pulse/count_reg[12]_i_1__0_n_0
    SLICE_X4Y132         CARRY4 (Prop_carry4_CI_O[1])
                                                      0.334     7.817 r  ultrasonic_Middle/counter_echo_pulse/count_reg[16]_i_1__0/O[1]
                         net (fo=1, routed)           0.000     7.817    ultrasonic_Middle/counter_echo_pulse/count_reg[16]_i_1__0_n_6
    SLICE_X4Y132         FDCE                                         r  ultrasonic_Middle/counter_echo_pulse/count_reg[17]/D
  -------------------------------------------------------------------    -------------------

                         (clock fpgaclk rise edge)   20.000    20.000 r  
    W5                                                0.000    20.000 r  fpgaclk (IN)
                         net (fo=0)                   0.000    20.000    fpgaclk
    W5                   IBUF (Prop_ibuf_I_O)         1.388    21.388 r  fpgaclk_IBUF_inst/O
                         net (fo=1, routed)           1.862    23.250    fpgaclk_IBUF
    BUFGCTRL_X0Y0        BUFG (Prop_bufg_I_O)         0.091    23.341 r  fpgaclk_IBUF_BUFG_inst/O
                         net (fo=53, routed)          1.674    25.015    ultrasonic_Middle/counter_echo_pulse/fpgaclk_IBUF_BUFG
    SLICE_X4Y132         FDCE                                         r  ultrasonic_Middle/counter_echo_pulse/count_reg[17]/C
                         clock pessimism              0.281    25.296    
                         clock uncertainty           -0.035    25.261    
    SLICE_X4Y132         FDCE (Setup_fdce_C_D)        0.062    25.323    ultrasonic_Middle/counter_echo_pulse/count_reg[17]
  -------------------------------------------------------------------
                         required time                         25.323    
                         arrival time                          -7.817    
  -------------------------------------------------------------------
                         slack                                 17.506    

Slack (MET) :             17.515ns  (required time - arrival time)
  Source:                 ultrasonic_Middle/trigger_generation/trigger_gen/count_reg[1]/C
                            (rising edge-triggered cell FDCE clocked by fpgaclk  {rise@0.000ns fall@10.000ns period=20.000ns})
  Destination:            ultrasonic_Middle/trigger_generation/trigger_gen/count_reg[23]/D
                            (rising edge-triggered cell FDCE clocked by fpgaclk  {rise@0.000ns fall@10.000ns period=20.000ns})
  Path Group:             fpgaclk
  Path Type:              Setup (Max at Slow Process Corner)
  Requirement:            20.000ns  (fpgaclk rise@20.000ns - fpgaclk rise@0.000ns)
  Data Path Delay:        2.481ns  (logic 1.899ns (76.535%)  route 0.582ns (23.465%))
  Logic Levels:           6  (CARRY4=6)
  Clock Path Skew:        -0.030ns (DCD - SCD + CPR)
    Destination Clock Delay (DCD):    5.013ns = ( 25.013 - 20.000 ) 
    Source Clock Delay      (SCD):    5.310ns
    Clock Pessimism Removal (CPR):    0.267ns
  Clock Uncertainty:      0.035ns  ((TSJ^2 + TIJ^2)^1/2 + DJ) / 2 + PE
    Total System Jitter     (TSJ):    0.071ns
    Total Input Jitter      (TIJ):    0.000ns
    Discrete Jitter          (DJ):    0.000ns
    Phase Error              (PE):    0.000ns

    Location             Delay type                Incr(ns)  Path(ns)    Netlist Resource(s)
  -------------------------------------------------------------------    -------------------
                         (clock fpgaclk rise edge)    0.000     0.000 r  
    W5                                                0.000     0.000 r  fpgaclk (IN)
                         net (fo=0)                   0.000     0.000    fpgaclk
    W5                   IBUF (Prop_ibuf_I_O)         1.458     1.458 r  fpgaclk_IBUF_inst/O
                         net (fo=1, routed)           1.967     3.425    fpgaclk_IBUF
    BUFGCTRL_X0Y0        BUFG (Prop_bufg_I_O)         0.096     3.521 r  fpgaclk_IBUF_BUFG_inst/O
                         net (fo=53, routed)          1.789     5.310    ultrasonic_Middle/trigger_generation/trigger_gen/fpgaclk_IBUF_BUFG
    SLICE_X0Y124         FDCE                                         r  ultrasonic_Middle/trigger_generation/trigger_gen/count_reg[1]/C
  -------------------------------------------------------------------    -------------------
    SLICE_X0Y124         FDCE (Prop_fdce_C_Q)         0.456     5.766 r  ultrasonic_Middle/trigger_generation/trigger_gen/count_reg[1]/Q
                         net (fo=4, routed)           0.573     6.339    ultrasonic_Middle/trigger_generation/trigger_gen/count_reg[1]
    SLICE_X0Y124         CARRY4 (Prop_carry4_S[1]_CO[3])
                                                      0.674     7.013 r  ultrasonic_Middle/trigger_generation/trigger_gen/count_reg[0]_i_1/CO[3]
                         net (fo=1, routed)           0.009     7.022    ultrasonic_Middle/trigger_generation/trigger_gen/count_reg[0]_i_1_n_0
    SLICE_X0Y125         CARRY4 (Prop_carry4_CI_CO[3])
                                                      0.114     7.136 r  ultrasonic_Middle/trigger_generation/trigger_gen/count_reg[4]_i_1__0/CO[3]
                         net (fo=1, routed)           0.000     7.136    ultrasonic_Middle/trigger_generation/trigger_gen/count_reg[4]_i_1__0_n_0
    SLICE_X0Y126         CARRY4 (Prop_carry4_CI_CO[3])
                                                      0.114     7.250 r  ultrasonic_Middle/trigger_generation/trigger_gen/count_reg[8]_i_1/CO[3]
                         net (fo=1, routed)           0.000     7.250    ultrasonic_Middle/trigger_generation/trigger_gen/count_reg[8]_i_1_n_0
    SLICE_X0Y127         CARRY4 (Prop_carry4_CI_CO[3])
                                                      0.114     7.364 r  ultrasonic_Middle/trigger_generation/trigger_gen/count_reg[12]_i_1/CO[3]
                         net (fo=1, routed)           0.000     7.364    ultrasonic_Middle/trigger_generation/trigger_gen/count_reg[12]_i_1_n_0
    SLICE_X0Y128         CARRY4 (Prop_carry4_CI_CO[3])
                                                      0.114     7.478 r  ultrasonic_Middle/trigger_generation/trigger_gen/count_reg[16]_i_1/CO[3]
                         net (fo=1, routed)           0.000     7.478    ultrasonic_Middle/trigger_generation/trigger_gen/count_reg[16]_i_1_n_0
    SLICE_X0Y129         CARRY4 (Prop_carry4_CI_O[3])
                                                      0.313     7.791 r  ultrasonic_Middle/trigger_generation/trigger_gen/count_reg[20]_i_1/O[3]
                         net (fo=1, routed)           0.000     7.791    ultrasonic_Middle/trigger_generation/trigger_gen/count_reg[20]_i_1_n_4
    SLICE_X0Y129         FDCE                                         r  ultrasonic_Middle/trigger_generation/trigger_gen/count_reg[23]/D
  -------------------------------------------------------------------    -------------------

                         (clock fpgaclk rise edge)   20.000    20.000 r  
    W5                                                0.000    20.000 r  fpgaclk (IN)
                         net (fo=0)                   0.000    20.000    fpgaclk
    W5                   IBUF (Prop_ibuf_I_O)         1.388    21.388 r  fpgaclk_IBUF_inst/O
                         net (fo=1, routed)           1.862    23.250    fpgaclk_IBUF
    BUFGCTRL_X0Y0        BUFG (Prop_bufg_I_O)         0.091    23.341 r  fpgaclk_IBUF_BUFG_inst/O
                         net (fo=53, routed)          1.672    25.013    ultrasonic_Middle/trigger_generation/trigger_gen/fpgaclk_IBUF_BUFG
    SLICE_X0Y129         FDCE                                         r  ultrasonic_Middle/trigger_generation/trigger_gen/count_reg[23]/C
                         clock pessimism              0.267    25.280    
                         clock uncertainty           -0.035    25.245    
    SLICE_X0Y129         FDCE (Setup_fdce_C_D)        0.062    25.307    ultrasonic_Middle/trigger_generation/trigger_gen/count_reg[23]
  -------------------------------------------------------------------
                         required time                         25.307    
                         arrival time                          -7.791    
  -------------------------------------------------------------------
                         slack                                 17.515    

Slack (MET) :             17.527ns  (required time - arrival time)
  Source:                 ultrasonic_Middle/counter_echo_pulse/count_reg[5]/C
                            (rising edge-triggered cell FDCE clocked by fpgaclk  {rise@0.000ns fall@10.000ns period=20.000ns})
  Destination:            ultrasonic_Middle/counter_echo_pulse/count_reg[19]/D
                            (rising edge-triggered cell FDCE clocked by fpgaclk  {rise@0.000ns fall@10.000ns period=20.000ns})
  Path Group:             fpgaclk
  Path Type:              Setup (Max at Slow Process Corner)
  Requirement:            20.000ns  (fpgaclk rise@20.000ns - fpgaclk rise@0.000ns)
  Data Path Delay:        2.480ns  (logic 1.671ns (67.376%)  route 0.809ns (32.624%))
  Logic Levels:           4  (CARRY4=4)
  Clock Path Skew:        -0.020ns (DCD - SCD + CPR)
    Destination Clock Delay (DCD):    5.015ns = ( 25.015 - 20.000 ) 
    Source Clock Delay      (SCD):    5.316ns
    Clock Pessimism Removal (CPR):    0.281ns
  Clock Uncertainty:      0.035ns  ((TSJ^2 + TIJ^2)^1/2 + DJ) / 2 + PE
    Total System Jitter     (TSJ):    0.071ns
    Total Input Jitter      (TIJ):    0.000ns
    Discrete Jitter          (DJ):    0.000ns
    Phase Error              (PE):    0.000ns

    Location             Delay type                Incr(ns)  Path(ns)    Netlist Resource(s)
  -------------------------------------------------------------------    -------------------
                         (clock fpgaclk rise edge)    0.000     0.000 r  
    W5                                                0.000     0.000 r  fpgaclk (IN)
                         net (fo=0)                   0.000     0.000    fpgaclk
    W5                   IBUF (Prop_ibuf_I_O)         1.458     1.458 r  fpgaclk_IBUF_inst/O
                         net (fo=1, routed)           1.967     3.425    fpgaclk_IBUF
    BUFGCTRL_X0Y0        BUFG (Prop_bufg_I_O)         0.096     3.521 r  fpgaclk_IBUF_BUFG_inst/O
                         net (fo=53, routed)          1.795     5.316    ultrasonic_Middle/counter_echo_pulse/fpgaclk_IBUF_BUFG
    SLICE_X4Y129         FDCE                                         r  ultrasonic_Middle/counter_echo_pulse/count_reg[5]/C
  -------------------------------------------------------------------    -------------------
    SLICE_X4Y129         FDCE (Prop_fdce_C_Q)         0.456     5.772 r  ultrasonic_Middle/counter_echo_pulse/count_reg[5]/Q
                         net (fo=3, routed)           0.809     6.581    ultrasonic_Middle/counter_echo_pulse/count_reg[5]
    SLICE_X4Y129         CARRY4 (Prop_carry4_S[1]_CO[3])
                                                      0.674     7.255 r  ultrasonic_Middle/counter_echo_pulse/count_reg[4]_i_1__1/CO[3]
                         net (fo=1, routed)           0.000     7.255    ultrasonic_Middle/counter_echo_pulse/count_reg[4]_i_1__1_n_0
    SLICE_X4Y130         CARRY4 (Prop_carry4_CI_CO[3])
                                                      0.114     7.369 r  ultrasonic_Middle/counter_echo_pulse/count_reg[8]_i_1__0/CO[3]
                         net (fo=1, routed)           0.000     7.369    ultrasonic_Middle/counter_echo_pulse/count_reg[8]_i_1__0_n_0
    SLICE_X4Y131         CARRY4 (Prop_carry4_CI_CO[3])
                                                      0.114     7.483 r  ultrasonic_Middle/counter_echo_pulse/count_reg[12]_i_1__0/CO[3]
                         net (fo=1, routed)           0.000     7.483    ultrasonic_Middle/counter_echo_pulse/count_reg[12]_i_1__0_n_0
    SLICE_X4Y132         CARRY4 (Prop_carry4_CI_O[3])
                                                      0.313     7.796 r  ultrasonic_Middle/counter_echo_pulse/count_reg[16]_i_1__0/O[3]
                         net (fo=1, routed)           0.000     7.796    ultrasonic_Middle/counter_echo_pulse/count_reg[16]_i_1__0_n_4
    SLICE_X4Y132         FDCE                                         r  ultrasonic_Middle/counter_echo_pulse/count_reg[19]/D
  -------------------------------------------------------------------    -------------------

                         (clock fpgaclk rise edge)   20.000    20.000 r  
    W5                                                0.000    20.000 r  fpgaclk (IN)
                         net (fo=0)                   0.000    20.000    fpgaclk
    W5                   IBUF (Prop_ibuf_I_O)         1.388    21.388 r  fpgaclk_IBUF_inst/O
                         net (fo=1, routed)           1.862    23.250    fpgaclk_IBUF
    BUFGCTRL_X0Y0        BUFG (Prop_bufg_I_O)         0.091    23.341 r  fpgaclk_IBUF_BUFG_inst/O
                         net (fo=53, routed)          1.674    25.015    ultrasonic_Middle/counter_echo_pulse/fpgaclk_IBUF_BUFG
    SLICE_X4Y132         FDCE                                         r  ultrasonic_Middle/counter_echo_pulse/count_reg[19]/C
                         clock pessimism              0.281    25.296    
                         clock uncertainty           -0.035    25.261    
    SLICE_X4Y132         FDCE (Setup_fdce_C_D)        0.062    25.323    ultrasonic_Middle/counter_echo_pulse/count_reg[19]
  -------------------------------------------------------------------
                         required time                         25.323    
                         arrival time                          -7.796    
  -------------------------------------------------------------------
                         slack                                 17.527    

Slack (MET) :             17.589ns  (required time - arrival time)
  Source:                 ultrasonic_Middle/trigger_generation/trigger_gen/count_reg[1]/C
                            (rising edge-triggered cell FDCE clocked by fpgaclk  {rise@0.000ns fall@10.000ns period=20.000ns})
  Destination:            ultrasonic_Middle/trigger_generation/trigger_gen/count_reg[22]/D
                            (rising edge-triggered cell FDCE clocked by fpgaclk  {rise@0.000ns fall@10.000ns period=20.000ns})
  Path Group:             fpgaclk
  Path Type:              Setup (Max at Slow Process Corner)
  Requirement:            20.000ns  (fpgaclk rise@20.000ns - fpgaclk rise@0.000ns)
  Data Path Delay:        2.407ns  (logic 1.825ns (75.814%)  route 0.582ns (24.186%))
  Logic Levels:           6  (CARRY4=6)
  Clock Path Skew:        -0.030ns (DCD - SCD + CPR)
    Destination Clock Delay (DCD):    5.013ns = ( 25.013 - 20.000 ) 
    Source Clock Delay      (SCD):    5.310ns
    Clock Pessimism Removal (CPR):    0.267ns
  Clock Uncertainty:      0.035ns  ((TSJ^2 + TIJ^2)^1/2 + DJ) / 2 + PE
    Total System Jitter     (TSJ):    0.071ns
    Total Input Jitter      (TIJ):    0.000ns
    Discrete Jitter          (DJ):    0.000ns
    Phase Error              (PE):    0.000ns

    Location             Delay type                Incr(ns)  Path(ns)    Netlist Resource(s)
  -------------------------------------------------------------------    -------------------
                         (clock fpgaclk rise edge)    0.000     0.000 r  
    W5                                                0.000     0.000 r  fpgaclk (IN)
                         net (fo=0)                   0.000     0.000    fpgaclk
    W5                   IBUF (Prop_ibuf_I_O)         1.458     1.458 r  fpgaclk_IBUF_inst/O
                         net (fo=1, routed)           1.967     3.425    fpgaclk_IBUF
    BUFGCTRL_X0Y0        BUFG (Prop_bufg_I_O)         0.096     3.521 r  fpgaclk_IBUF_BUFG_inst/O
                         net (fo=53, routed)          1.789     5.310    ultrasonic_Middle/trigger_generation/trigger_gen/fpgaclk_IBUF_BUFG
    SLICE_X0Y124         FDCE                                         r  ultrasonic_Middle/trigger_generation/trigger_gen/count_reg[1]/C
  -------------------------------------------------------------------    -------------------
    SLICE_X0Y124         FDCE (Prop_fdce_C_Q)         0.456     5.766 r  ultrasonic_Middle/trigger_generation/trigger_gen/count_reg[1]/Q
                         net (fo=4, routed)           0.573     6.339    ultrasonic_Middle/trigger_generation/trigger_gen/count_reg[1]
    SLICE_X0Y124         CARRY4 (Prop_carry4_S[1]_CO[3])
                                                      0.674     7.013 r  ultrasonic_Middle/trigger_generation/trigger_gen/count_reg[0]_i_1/CO[3]
                         net (fo=1, routed)           0.009     7.022    ultrasonic_Middle/trigger_generation/trigger_gen/count_reg[0]_i_1_n_0
    SLICE_X0Y125         CARRY4 (Prop_carry4_CI_CO[3])
                                                      0.114     7.136 r  ultrasonic_Middle/trigger_generation/trigger_gen/count_reg[4]_i_1__0/CO[3]
                         net (fo=1, routed)           0.000     7.136    ultrasonic_Middle/trigger_generation/trigger_gen/count_reg[4]_i_1__0_n_0
    SLICE_X0Y126         CARRY4 (Prop_carry4_CI_CO[3])
                                                      0.114     7.250 r  ultrasonic_Middle/trigger_generation/trigger_gen/count_reg[8]_i_1/CO[3]
                         net (fo=1, routed)           0.000     7.250    ultrasonic_Middle/trigger_generation/trigger_gen/count_reg[8]_i_1_n_0
    SLICE_X0Y127         CARRY4 (Prop_carry4_CI_CO[3])
                                                      0.114     7.364 r  ultrasonic_Middle/trigger_generation/trigger_gen/count_reg[12]_i_1/CO[3]
                         net (fo=1, routed)           0.000     7.364    ultrasonic_Middle/trigger_generation/trigger_gen/count_reg[12]_i_1_n_0
    SLICE_X0Y128         CARRY4 (Prop_carry4_CI_CO[3])
                                                      0.114     7.478 r  ultrasonic_Middle/trigger_generation/trigger_gen/count_reg[16]_i_1/CO[3]
                         net (fo=1, routed)           0.000     7.478    ultrasonic_Middle/trigger_generation/trigger_gen/count_reg[16]_i_1_n_0
    SLICE_X0Y129         CARRY4 (Prop_carry4_CI_O[2])
                                                      0.239     7.717 r  ultrasonic_Middle/trigger_generation/trigger_gen/count_reg[20]_i_1/O[2]
                         net (fo=1, routed)           0.000     7.717    ultrasonic_Middle/trigger_generation/trigger_gen/count_reg[20]_i_1_n_5
    SLICE_X0Y129         FDCE                                         r  ultrasonic_Middle/trigger_generation/trigger_gen/count_reg[22]/D
  -------------------------------------------------------------------    -------------------

                         (clock fpgaclk rise edge)   20.000    20.000 r  
    W5                                                0.000    20.000 r  fpgaclk (IN)
                         net (fo=0)                   0.000    20.000    fpgaclk
    W5                   IBUF (Prop_ibuf_I_O)         1.388    21.388 r  fpgaclk_IBUF_inst/O
                         net (fo=1, routed)           1.862    23.250    fpgaclk_IBUF
    BUFGCTRL_X0Y0        BUFG (Prop_bufg_I_O)         0.091    23.341 r  fpgaclk_IBUF_BUFG_inst/O
                         net (fo=53, routed)          1.672    25.013    ultrasonic_Middle/trigger_generation/trigger_gen/fpgaclk_IBUF_BUFG
    SLICE_X0Y129         FDCE                                         r  ultrasonic_Middle/trigger_generation/trigger_gen/count_reg[22]/C
                         clock pessimism              0.267    25.280    
                         clock uncertainty           -0.035    25.245    
    SLICE_X0Y129         FDCE (Setup_fdce_C_D)        0.062    25.307    ultrasonic_Middle/trigger_generation/trigger_gen/count_reg[22]
  -------------------------------------------------------------------
                         required time                         25.307    
                         arrival time                          -7.717    
  -------------------------------------------------------------------
                         slack                                 17.589    

Slack (MET) :             17.601ns  (required time - arrival time)
  Source:                 ultrasonic_Middle/counter_echo_pulse/count_reg[5]/C
                            (rising edge-triggered cell FDCE clocked by fpgaclk  {rise@0.000ns fall@10.000ns period=20.000ns})
  Destination:            ultrasonic_Middle/counter_echo_pulse/count_reg[18]/D
                            (rising edge-triggered cell FDCE clocked by fpgaclk  {rise@0.000ns fall@10.000ns period=20.000ns})
  Path Group:             fpgaclk
  Path Type:              Setup (Max at Slow Process Corner)
  Requirement:            20.000ns  (fpgaclk rise@20.000ns - fpgaclk rise@0.000ns)
  Data Path Delay:        2.406ns  (logic 1.597ns (66.373%)  route 0.809ns (33.627%))
  Logic Levels:           4  (CARRY4=4)
  Clock Path Skew:        -0.020ns (DCD - SCD + CPR)
    Destination Clock Delay (DCD):    5.015ns = ( 25.015 - 20.000 ) 
    Source Clock Delay      (SCD):    5.316ns
    Clock Pessimism Removal (CPR):    0.281ns
  Clock Uncertainty:      0.035ns  ((TSJ^2 + TIJ^2)^1/2 + DJ) / 2 + PE
    Total System Jitter     (TSJ):    0.071ns
    Total Input Jitter      (TIJ):    0.000ns
    Discrete Jitter          (DJ):    0.000ns
    Phase Error              (PE):    0.000ns

    Location             Delay type                Incr(ns)  Path(ns)    Netlist Resource(s)
  -------------------------------------------------------------------    -------------------
                         (clock fpgaclk rise edge)    0.000     0.000 r  
    W5                                                0.000     0.000 r  fpgaclk (IN)
                         net (fo=0)                   0.000     0.000    fpgaclk
    W5                   IBUF (Prop_ibuf_I_O)         1.458     1.458 r  fpgaclk_IBUF_inst/O
                         net (fo=1, routed)           1.967     3.425    fpgaclk_IBUF
    BUFGCTRL_X0Y0        BUFG (Prop_bufg_I_O)         0.096     3.521 r  fpgaclk_IBUF_BUFG_inst/O
                         net (fo=53, routed)          1.795     5.316    ultrasonic_Middle/counter_echo_pulse/fpgaclk_IBUF_BUFG
    SLICE_X4Y129         FDCE                                         r  ultrasonic_Middle/counter_echo_pulse/count_reg[5]/C
  -------------------------------------------------------------------    -------------------
    SLICE_X4Y129         FDCE (Prop_fdce_C_Q)         0.456     5.772 r  ultrasonic_Middle/counter_echo_pulse/count_reg[5]/Q
                         net (fo=3, routed)           0.809     6.581    ultrasonic_Middle/counter_echo_pulse/count_reg[5]
    SLICE_X4Y129         CARRY4 (Prop_carry4_S[1]_CO[3])
                                                      0.674     7.255 r  ultrasonic_Middle/counter_echo_pulse/count_reg[4]_i_1__1/CO[3]
                         net (fo=1, routed)           0.000     7.255    ultrasonic_Middle/counter_echo_pulse/count_reg[4]_i_1__1_n_0
    SLICE_X4Y130         CARRY4 (Prop_carry4_CI_CO[3])
                                                      0.114     7.369 r  ultrasonic_Middle/counter_echo_pulse/count_reg[8]_i_1__0/CO[3]
                         net (fo=1, routed)           0.000     7.369    ultrasonic_Middle/counter_echo_pulse/count_reg[8]_i_1__0_n_0
    SLICE_X4Y131         CARRY4 (Prop_carry4_CI_CO[3])
                                                      0.114     7.483 r  ultrasonic_Middle/counter_echo_pulse/count_reg[12]_i_1__0/CO[3]
                         net (fo=1, routed)           0.000     7.483    ultrasonic_Middle/counter_echo_pulse/count_reg[12]_i_1__0_n_0
    SLICE_X4Y132         CARRY4 (Prop_carry4_CI_O[2])
                                                      0.239     7.722 r  ultrasonic_Middle/counter_echo_pulse/count_reg[16]_i_1__0/O[2]
                         net (fo=1, routed)           0.000     7.722    ultrasonic_Middle/counter_echo_pulse/count_reg[16]_i_1__0_n_5
    SLICE_X4Y132         FDCE                                         r  ultrasonic_Middle/counter_echo_pulse/count_reg[18]/D
  -------------------------------------------------------------------    -------------------

                         (clock fpgaclk rise edge)   20.000    20.000 r  
    W5                                                0.000    20.000 r  fpgaclk (IN)
                         net (fo=0)                   0.000    20.000    fpgaclk
    W5                   IBUF (Prop_ibuf_I_O)         1.388    21.388 r  fpgaclk_IBUF_inst/O
                         net (fo=1, routed)           1.862    23.250    fpgaclk_IBUF
    BUFGCTRL_X0Y0        BUFG (Prop_bufg_I_O)         0.091    23.341 r  fpgaclk_IBUF_BUFG_inst/O
                         net (fo=53, routed)          1.674    25.015    ultrasonic_Middle/counter_echo_pulse/fpgaclk_IBUF_BUFG
    SLICE_X4Y132         FDCE                                         r  ultrasonic_Middle/counter_echo_pulse/count_reg[18]/C
                         clock pessimism              0.281    25.296    
                         clock uncertainty           -0.035    25.261    
    SLICE_X4Y132         FDCE (Setup_fdce_C_D)        0.062    25.323    ultrasonic_Middle/counter_echo_pulse/count_reg[18]
  -------------------------------------------------------------------
                         required time                         25.323    
                         arrival time                          -7.722    
  -------------------------------------------------------------------
                         slack                                 17.601    

Slack (MET) :             17.605ns  (required time - arrival time)
  Source:                 ultrasonic_Middle/trigger_generation/trigger_gen/count_reg[1]/C
                            (rising edge-triggered cell FDCE clocked by fpgaclk  {rise@0.000ns fall@10.000ns period=20.000ns})
  Destination:            ultrasonic_Middle/trigger_generation/trigger_gen/count_reg[20]/D
                            (rising edge-triggered cell FDCE clocked by fpgaclk  {rise@0.000ns fall@10.000ns period=20.000ns})
  Path Group:             fpgaclk
  Path Type:              Setup (Max at Slow Process Corner)
  Requirement:            20.000ns  (fpgaclk rise@20.000ns - fpgaclk rise@0.000ns)
  Data Path Delay:        2.391ns  (logic 1.809ns (75.652%)  route 0.582ns (24.348%))
  Logic Levels:           6  (CARRY4=6)
  Clock Path Skew:        -0.030ns (DCD - SCD + CPR)
    Destination Clock Delay (DCD):    5.013ns = ( 25.013 - 20.000 ) 
    Source Clock Delay      (SCD):    5.310ns
    Clock Pessimism Removal (CPR):    0.267ns
  Clock Uncertainty:      0.035ns  ((TSJ^2 + TIJ^2)^1/2 + DJ) / 2 + PE
    Total System Jitter     (TSJ):    0.071ns
    Total Input Jitter      (TIJ):    0.000ns
    Discrete Jitter          (DJ):    0.000ns
    Phase Error              (PE):    0.000ns

    Location             Delay type                Incr(ns)  Path(ns)    Netlist Resource(s)
  -------------------------------------------------------------------    -------------------
                         (clock fpgaclk rise edge)    0.000     0.000 r  
    W5                                                0.000     0.000 r  fpgaclk (IN)
                         net (fo=0)                   0.000     0.000    fpgaclk
    W5                   IBUF (Prop_ibuf_I_O)         1.458     1.458 r  fpgaclk_IBUF_inst/O
                         net (fo=1, routed)           1.967     3.425    fpgaclk_IBUF
    BUFGCTRL_X0Y0        BUFG (Prop_bufg_I_O)         0.096     3.521 r  fpgaclk_IBUF_BUFG_inst/O
                         net (fo=53, routed)          1.789     5.310    ultrasonic_Middle/trigger_generation/trigger_gen/fpgaclk_IBUF_BUFG
    SLICE_X0Y124         FDCE                                         r  ultrasonic_Middle/trigger_generation/trigger_gen/count_reg[1]/C
  -------------------------------------------------------------------    -------------------
    SLICE_X0Y124         FDCE (Prop_fdce_C_Q)         0.456     5.766 r  ultrasonic_Middle/trigger_generation/trigger_gen/count_reg[1]/Q
                         net (fo=4, routed)           0.573     6.339    ultrasonic_Middle/trigger_generation/trigger_gen/count_reg[1]
    SLICE_X0Y124         CARRY4 (Prop_carry4_S[1]_CO[3])
                                                      0.674     7.013 r  ultrasonic_Middle/trigger_generation/trigger_gen/count_reg[0]_i_1/CO[3]
                         net (fo=1, routed)           0.009     7.022    ultrasonic_Middle/trigger_generation/trigger_gen/count_reg[0]_i_1_n_0
    SLICE_X0Y125         CARRY4 (Prop_carry4_CI_CO[3])
                                                      0.114     7.136 r  ultrasonic_Middle/trigger_generation/trigger_gen/count_reg[4]_i_1__0/CO[3]
                         net (fo=1, routed)           0.000     7.136    ultrasonic_Middle/trigger_generation/trigger_gen/count_reg[4]_i_1__0_n_0
    SLICE_X0Y126         CARRY4 (Prop_carry4_CI_CO[3])
                                                      0.114     7.250 r  ultrasonic_Middle/trigger_generation/trigger_gen/count_reg[8]_i_1/CO[3]
                         net (fo=1, routed)           0.000     7.250    ultrasonic_Middle/trigger_generation/trigger_gen/count_reg[8]_i_1_n_0
    SLICE_X0Y127         CARRY4 (Prop_carry4_CI_CO[3])
                                                      0.114     7.364 r  ultrasonic_Middle/trigger_generation/trigger_gen/count_reg[12]_i_1/CO[3]
                         net (fo=1, routed)           0.000     7.364    ultrasonic_Middle/trigger_generation/trigger_gen/count_reg[12]_i_1_n_0
    SLICE_X0Y128         CARRY4 (Prop_carry4_CI_CO[3])
                                                      0.114     7.478 r  ultrasonic_Middle/trigger_generation/trigger_gen/count_reg[16]_i_1/CO[3]
                         net (fo=1, routed)           0.000     7.478    ultrasonic_Middle/trigger_generation/trigger_gen/count_reg[16]_i_1_n_0
    SLICE_X0Y129         CARRY4 (Prop_carry4_CI_O[0])
                                                      0.223     7.701 r  ultrasonic_Middle/trigger_generation/trigger_gen/count_reg[20]_i_1/O[0]
                         net (fo=1, routed)           0.000     7.701    ultrasonic_Middle/trigger_generation/trigger_gen/count_reg[20]_i_1_n_7
    SLICE_X0Y129         FDCE                                         r  ultrasonic_Middle/trigger_generation/trigger_gen/count_reg[20]/D
  -------------------------------------------------------------------    -------------------

                         (clock fpgaclk rise edge)   20.000    20.000 r  
    W5                                                0.000    20.000 r  fpgaclk (IN)
                         net (fo=0)                   0.000    20.000    fpgaclk
    W5                   IBUF (Prop_ibuf_I_O)         1.388    21.388 r  fpgaclk_IBUF_inst/O
                         net (fo=1, routed)           1.862    23.250    fpgaclk_IBUF
    BUFGCTRL_X0Y0        BUFG (Prop_bufg_I_O)         0.091    23.341 r  fpgaclk_IBUF_BUFG_inst/O
                         net (fo=53, routed)          1.672    25.013    ultrasonic_Middle/trigger_generation/trigger_gen/fpgaclk_IBUF_BUFG
    SLICE_X0Y129         FDCE                                         r  ultrasonic_Middle/trigger_generation/trigger_gen/count_reg[20]/C
                         clock pessimism              0.267    25.280    
                         clock uncertainty           -0.035    25.245    
    SLICE_X0Y129         FDCE (Setup_fdce_C_D)        0.062    25.307    ultrasonic_Middle/trigger_generation/trigger_gen/count_reg[20]
  -------------------------------------------------------------------
                         required time                         25.307    
                         arrival time                          -7.701    
  -------------------------------------------------------------------
                         slack                                 17.605    

Slack (MET) :             17.607ns  (required time - arrival time)
  Source:                 ultrasonic_Middle/trigger_generation/trigger_gen/count_reg[1]/C
                            (rising edge-triggered cell FDCE clocked by fpgaclk  {rise@0.000ns fall@10.000ns period=20.000ns})
  Destination:            ultrasonic_Middle/trigger_generation/trigger_gen/count_reg[17]/D
                            (rising edge-triggered cell FDCE clocked by fpgaclk  {rise@0.000ns fall@10.000ns period=20.000ns})
  Path Group:             fpgaclk
  Path Type:              Setup (Max at Slow Process Corner)
  Requirement:            20.000ns  (fpgaclk rise@20.000ns - fpgaclk rise@0.000ns)
  Data Path Delay:        2.388ns  (logic 1.806ns (75.622%)  route 0.582ns (24.378%))
  Logic Levels:           5  (CARRY4=5)
  Clock Path Skew:        -0.031ns (DCD - SCD + CPR)
    Destination Clock Delay (DCD):    5.012ns = ( 25.012 - 20.000 ) 
    Source Clock Delay      (SCD):    5.310ns
    Clock Pessimism Removal (CPR):    0.267ns
  Clock Uncertainty:      0.035ns  ((TSJ^2 + TIJ^2)^1/2 + DJ) / 2 + PE
    Total System Jitter     (TSJ):    0.071ns
    Total Input Jitter      (TIJ):    0.000ns
    Discrete Jitter          (DJ):    0.000ns
    Phase Error              (PE):    0.000ns

    Location             Delay type                Incr(ns)  Path(ns)    Netlist Resource(s)
  -------------------------------------------------------------------    -------------------
                         (clock fpgaclk rise edge)    0.000     0.000 r  
    W5                                                0.000     0.000 r  fpgaclk (IN)
                         net (fo=0)                   0.000     0.000    fpgaclk
    W5                   IBUF (Prop_ibuf_I_O)         1.458     1.458 r  fpgaclk_IBUF_inst/O
                         net (fo=1, routed)           1.967     3.425    fpgaclk_IBUF
    BUFGCTRL_X0Y0        BUFG (Prop_bufg_I_O)         0.096     3.521 r  fpgaclk_IBUF_BUFG_inst/O
                         net (fo=53, routed)          1.789     5.310    ultrasonic_Middle/trigger_generation/trigger_gen/fpgaclk_IBUF_BUFG
    SLICE_X0Y124         FDCE                                         r  ultrasonic_Middle/trigger_generation/trigger_gen/count_reg[1]/C
  -------------------------------------------------------------------    -------------------
    SLICE_X0Y124         FDCE (Prop_fdce_C_Q)         0.456     5.766 r  ultrasonic_Middle/trigger_generation/trigger_gen/count_reg[1]/Q
                         net (fo=4, routed)           0.573     6.339    ultrasonic_Middle/trigger_generation/trigger_gen/count_reg[1]
    SLICE_X0Y124         CARRY4 (Prop_carry4_S[1]_CO[3])
                                                      0.674     7.013 r  ultrasonic_Middle/trigger_generation/trigger_gen/count_reg[0]_i_1/CO[3]
                         net (fo=1, routed)           0.009     7.022    ultrasonic_Middle/trigger_generation/trigger_gen/count_reg[0]_i_1_n_0
    SLICE_X0Y125         CARRY4 (Prop_carry4_CI_CO[3])
                                                      0.114     7.136 r  ultrasonic_Middle/trigger_generation/trigger_gen/count_reg[4]_i_1__0/CO[3]
                         net (fo=1, routed)           0.000     7.136    ultrasonic_Middle/trigger_generation/trigger_gen/count_reg[4]_i_1__0_n_0
    SLICE_X0Y126         CARRY4 (Prop_carry4_CI_CO[3])
                                                      0.114     7.250 r  ultrasonic_Middle/trigger_generation/trigger_gen/count_reg[8]_i_1/CO[3]
                         net (fo=1, routed)           0.000     7.250    ultrasonic_Middle/trigger_generation/trigger_gen/count_reg[8]_i_1_n_0
    SLICE_X0Y127         CARRY4 (Prop_carry4_CI_CO[3])
                                                      0.114     7.364 r  ultrasonic_Middle/trigger_generation/trigger_gen/count_reg[12]_i_1/CO[3]
                         net (fo=1, routed)           0.000     7.364    ultrasonic_Middle/trigger_generation/trigger_gen/count_reg[12]_i_1_n_0
    SLICE_X0Y128         CARRY4 (Prop_carry4_CI_O[1])
                                                      0.334     7.698 r  ultrasonic_Middle/trigger_generation/trigger_gen/count_reg[16]_i_1/O[1]
                         net (fo=1, routed)           0.000     7.698    ultrasonic_Middle/trigger_generation/trigger_gen/count_reg[16]_i_1_n_6
    SLICE_X0Y128         FDCE                                         r  ultrasonic_Middle/trigger_generation/trigger_gen/count_reg[17]/D
  -------------------------------------------------------------------    -------------------

                         (clock fpgaclk rise edge)   20.000    20.000 r  
    W5                                                0.000    20.000 r  fpgaclk (IN)
                         net (fo=0)                   0.000    20.000    fpgaclk
    W5                   IBUF (Prop_ibuf_I_O)         1.388    21.388 r  fpgaclk_IBUF_inst/O
                         net (fo=1, routed)           1.862    23.250    fpgaclk_IBUF
    BUFGCTRL_X0Y0        BUFG (Prop_bufg_I_O)         0.091    23.341 r  fpgaclk_IBUF_BUFG_inst/O
                         net (fo=53, routed)          1.671    25.012    ultrasonic_Middle/trigger_generation/trigger_gen/fpgaclk_IBUF_BUFG
    SLICE_X0Y128         FDCE                                         r  ultrasonic_Middle/trigger_generation/trigger_gen/count_reg[17]/C
                         clock pessimism              0.267    25.279    
                         clock uncertainty           -0.035    25.244    
    SLICE_X0Y128         FDCE (Setup_fdce_C_D)        0.062    25.306    ultrasonic_Middle/trigger_generation/trigger_gen/count_reg[17]
  -------------------------------------------------------------------
                         required time                         25.306    
                         arrival time                          -7.698    
  -------------------------------------------------------------------
                         slack                                 17.607    





Min Delay Paths
--------------------------------------------------------------------------------------
Slack (MET) :             0.268ns  (arrival time - required time)
  Source:                 ultrasonic_Middle/counter_echo_pulse/count_reg[2]/C
                            (rising edge-triggered cell FDCE clocked by fpgaclk  {rise@0.000ns fall@10.000ns period=20.000ns})
  Destination:            ultrasonic_Middle/counter_echo_pulse/count_reg[2]/D
                            (rising edge-triggered cell FDCE clocked by fpgaclk  {rise@0.000ns fall@10.000ns period=20.000ns})
  Path Group:             fpgaclk
  Path Type:              Hold (Min at Fast Process Corner)
  Requirement:            0.000ns  (fpgaclk rise@0.000ns - fpgaclk rise@0.000ns)
  Data Path Delay:        0.373ns  (logic 0.252ns (67.478%)  route 0.121ns (32.522%))
  Logic Levels:           1  (CARRY4=1)
  Clock Path Skew:        0.000ns (DCD - SCD - CPR)
    Destination Clock Delay (DCD):    2.064ns
    Source Clock Delay      (SCD):    1.548ns
    Clock Pessimism Removal (CPR):    0.516ns

    Location             Delay type                Incr(ns)  Path(ns)    Netlist Resource(s)
  -------------------------------------------------------------------    -------------------
                         (clock fpgaclk rise edge)    0.000     0.000 r  
    W5                                                0.000     0.000 r  fpgaclk (IN)
                         net (fo=0)                   0.000     0.000    fpgaclk
    W5                   IBUF (Prop_ibuf_I_O)         0.226     0.226 r  fpgaclk_IBUF_inst/O
                         net (fo=1, routed)           0.631     0.858    fpgaclk_IBUF
    BUFGCTRL_X0Y0        BUFG (Prop_bufg_I_O)         0.026     0.884 r  fpgaclk_IBUF_BUFG_inst/O
                         net (fo=53, routed)          0.664     1.548    ultrasonic_Middle/counter_echo_pulse/fpgaclk_IBUF_BUFG
    SLICE_X4Y128         FDCE                                         r  ultrasonic_Middle/counter_echo_pulse/count_reg[2]/C
  -------------------------------------------------------------------    -------------------
    SLICE_X4Y128         FDCE (Prop_fdce_C_Q)         0.141     1.689 r  ultrasonic_Middle/counter_echo_pulse/count_reg[2]/Q
                         net (fo=1, routed)           0.121     1.810    ultrasonic_Middle/counter_echo_pulse/count_reg_n_0_[2]
    SLICE_X4Y128         CARRY4 (Prop_carry4_S[2]_O[2])
                                                      0.111     1.921 r  ultrasonic_Middle/counter_echo_pulse/count_reg[0]_i_1__0/O[2]
                         net (fo=1, routed)           0.000     1.921    ultrasonic_Middle/counter_echo_pulse/count_reg[0]_i_1__0_n_5
    SLICE_X4Y128         FDCE                                         r  ultrasonic_Middle/counter_echo_pulse/count_reg[2]/D
  -------------------------------------------------------------------    -------------------

                         (clock fpgaclk rise edge)    0.000     0.000 r  
    W5                                                0.000     0.000 r  fpgaclk (IN)
                         net (fo=0)                   0.000     0.000    fpgaclk
    W5                   IBUF (Prop_ibuf_I_O)         0.414     0.414 r  fpgaclk_IBUF_inst/O
                         net (fo=1, routed)           0.685     1.099    fpgaclk_IBUF
    BUFGCTRL_X0Y0        BUFG (Prop_bufg_I_O)         0.029     1.128 r  fpgaclk_IBUF_BUFG_inst/O
                         net (fo=53, routed)          0.936     2.064    ultrasonic_Middle/counter_echo_pulse/fpgaclk_IBUF_BUFG
    SLICE_X4Y128         FDCE                                         r  ultrasonic_Middle/counter_echo_pulse/count_reg[2]/C
                         clock pessimism             -0.516     1.548    
    SLICE_X4Y128         FDCE (Hold_fdce_C_D)         0.105     1.653    ultrasonic_Middle/counter_echo_pulse/count_reg[2]
  -------------------------------------------------------------------
                         required time                         -1.653    
                         arrival time                           1.921    
  -------------------------------------------------------------------
                         slack                                  0.268    

Slack (MET) :             0.280ns  (arrival time - required time)
  Source:                 ultrasonic_Middle/counter_echo_pulse/count_reg[10]/C
                            (rising edge-triggered cell FDCE clocked by fpgaclk  {rise@0.000ns fall@10.000ns period=20.000ns})
  Destination:            ultrasonic_Middle/counter_echo_pulse/count_reg[10]/D
                            (rising edge-triggered cell FDCE clocked by fpgaclk  {rise@0.000ns fall@10.000ns period=20.000ns})
  Path Group:             fpgaclk
  Path Type:              Hold (Min at Fast Process Corner)
  Requirement:            0.000ns  (fpgaclk rise@0.000ns - fpgaclk rise@0.000ns)
  Data Path Delay:        0.385ns  (logic 0.252ns (65.529%)  route 0.133ns (34.471%))
  Logic Levels:           1  (CARRY4=1)
  Clock Path Skew:        0.000ns (DCD - SCD - CPR)
    Destination Clock Delay (DCD):    2.066ns
    Source Clock Delay      (SCD):    1.550ns
    Clock Pessimism Removal (CPR):    0.516ns

    Location             Delay type                Incr(ns)  Path(ns)    Netlist Resource(s)
  -------------------------------------------------------------------    -------------------
                         (clock fpgaclk rise edge)    0.000     0.000 r  
    W5                                                0.000     0.000 r  fpgaclk (IN)
                         net (fo=0)                   0.000     0.000    fpgaclk
    W5                   IBUF (Prop_ibuf_I_O)         0.226     0.226 r  fpgaclk_IBUF_inst/O
                         net (fo=1, routed)           0.631     0.858    fpgaclk_IBUF
    BUFGCTRL_X0Y0        BUFG (Prop_bufg_I_O)         0.026     0.884 r  fpgaclk_IBUF_BUFG_inst/O
                         net (fo=53, routed)          0.666     1.550    ultrasonic_Middle/counter_echo_pulse/fpgaclk_IBUF_BUFG
    SLICE_X4Y130         FDCE                                         r  ultrasonic_Middle/counter_echo_pulse/count_reg[10]/C
  -------------------------------------------------------------------    -------------------
    SLICE_X4Y130         FDCE (Prop_fdce_C_Q)         0.141     1.691 r  ultrasonic_Middle/counter_echo_pulse/count_reg[10]/Q
                         net (fo=2, routed)           0.133     1.823    ultrasonic_Middle/counter_echo_pulse/count_reg[10]
    SLICE_X4Y130         CARRY4 (Prop_carry4_S[2]_O[2])
                                                      0.111     1.934 r  ultrasonic_Middle/counter_echo_pulse/count_reg[8]_i_1__0/O[2]
                         net (fo=1, routed)           0.000     1.934    ultrasonic_Middle/counter_echo_pulse/count_reg[8]_i_1__0_n_5
    SLICE_X4Y130         FDCE                                         r  ultrasonic_Middle/counter_echo_pulse/count_reg[10]/D
  -------------------------------------------------------------------    -------------------

                         (clock fpgaclk rise edge)    0.000     0.000 r  
    W5                                                0.000     0.000 r  fpgaclk (IN)
                         net (fo=0)                   0.000     0.000    fpgaclk
    W5                   IBUF (Prop_ibuf_I_O)         0.414     0.414 r  fpgaclk_IBUF_inst/O
                         net (fo=1, routed)           0.685     1.099    fpgaclk_IBUF
    BUFGCTRL_X0Y0        BUFG (Prop_bufg_I_O)         0.029     1.128 r  fpgaclk_IBUF_BUFG_inst/O
                         net (fo=53, routed)          0.938     2.066    ultrasonic_Middle/counter_echo_pulse/fpgaclk_IBUF_BUFG
    SLICE_X4Y130         FDCE                                         r  ultrasonic_Middle/counter_echo_pulse/count_reg[10]/C
                         clock pessimism             -0.516     1.550    
    SLICE_X4Y130         FDCE (Hold_fdce_C_D)         0.105     1.655    ultrasonic_Middle/counter_echo_pulse/count_reg[10]
  -------------------------------------------------------------------
                         required time                         -1.655    
                         arrival time                           1.934    
  -------------------------------------------------------------------
                         slack                                  0.280    

Slack (MET) :             0.280ns  (arrival time - required time)
  Source:                 ultrasonic_Middle/trigger_generation/trigger_gen/count_reg[22]/C
                            (rising edge-triggered cell FDCE clocked by fpgaclk  {rise@0.000ns fall@10.000ns period=20.000ns})
  Destination:            ultrasonic_Middle/trigger_generation/trigger_gen/count_reg[22]/D
                            (rising edge-triggered cell FDCE clocked by fpgaclk  {rise@0.000ns fall@10.000ns period=20.000ns})
  Path Group:             fpgaclk
  Path Type:              Hold (Min at Fast Process Corner)
  Requirement:            0.000ns  (fpgaclk rise@0.000ns - fpgaclk rise@0.000ns)
  Data Path Delay:        0.385ns  (logic 0.252ns (65.529%)  route 0.133ns (34.471%))
  Logic Levels:           1  (CARRY4=1)
  Clock Path Skew:        0.000ns (DCD - SCD - CPR)
    Destination Clock Delay (DCD):    2.067ns
    Source Clock Delay      (SCD):    1.550ns
    Clock Pessimism Removal (CPR):    0.517ns

    Location             Delay type                Incr(ns)  Path(ns)    Netlist Resource(s)
  -------------------------------------------------------------------    -------------------
                         (clock fpgaclk rise edge)    0.000     0.000 r  
    W5                                                0.000     0.000 r  fpgaclk (IN)
                         net (fo=0)                   0.000     0.000    fpgaclk
    W5                   IBUF (Prop_ibuf_I_O)         0.226     0.226 r  fpgaclk_IBUF_inst/O
                         net (fo=1, routed)           0.631     0.858    fpgaclk_IBUF
    BUFGCTRL_X0Y0        BUFG (Prop_bufg_I_O)         0.026     0.884 r  fpgaclk_IBUF_BUFG_inst/O
                         net (fo=53, routed)          0.666     1.550    ultrasonic_Middle/trigger_generation/trigger_gen/fpgaclk_IBUF_BUFG
    SLICE_X0Y129         FDCE                                         r  ultrasonic_Middle/trigger_generation/trigger_gen/count_reg[22]/C
  -------------------------------------------------------------------    -------------------
    SLICE_X0Y129         FDCE (Prop_fdce_C_Q)         0.141     1.691 r  ultrasonic_Middle/trigger_generation/trigger_gen/count_reg[22]/Q
                         net (fo=2, routed)           0.133     1.823    ultrasonic_Middle/trigger_generation/trigger_gen/count_reg[22]
    SLICE_X0Y129         CARRY4 (Prop_carry4_S[2]_O[2])
                                                      0.111     1.934 r  ultrasonic_Middle/trigger_generation/trigger_gen/count_reg[20]_i_1/O[2]
                         net (fo=1, routed)           0.000     1.934    ultrasonic_Middle/trigger_generation/trigger_gen/count_reg[20]_i_1_n_5
    SLICE_X0Y129         FDCE                                         r  ultrasonic_Middle/trigger_generation/trigger_gen/count_reg[22]/D
  -------------------------------------------------------------------    -------------------

                         (clock fpgaclk rise edge)    0.000     0.000 r  
    W5                                                0.000     0.000 r  fpgaclk (IN)
                         net (fo=0)                   0.000     0.000    fpgaclk
    W5                   IBUF (Prop_ibuf_I_O)         0.414     0.414 r  fpgaclk_IBUF_inst/O
                         net (fo=1, routed)           0.685     1.099    fpgaclk_IBUF
    BUFGCTRL_X0Y0        BUFG (Prop_bufg_I_O)         0.029     1.128 r  fpgaclk_IBUF_BUFG_inst/O
                         net (fo=53, routed)          0.939     2.067    ultrasonic_Middle/trigger_generation/trigger_gen/fpgaclk_IBUF_BUFG
    SLICE_X0Y129         FDCE                                         r  ultrasonic_Middle/trigger_generation/trigger_gen/count_reg[22]/C
                         clock pessimism             -0.517     1.550    
    SLICE_X0Y129         FDCE (Hold_fdce_C_D)         0.105     1.655    ultrasonic_Middle/trigger_generation/trigger_gen/count_reg[22]
  -------------------------------------------------------------------
                         required time                         -1.655    
                         arrival time                           1.934    
  -------------------------------------------------------------------
                         slack                                  0.280    

Slack (MET) :             0.280ns  (arrival time - required time)
  Source:                 ultrasonic_Middle/trigger_generation/trigger_gen/count_reg[14]/C
                            (rising edge-triggered cell FDCE clocked by fpgaclk  {rise@0.000ns fall@10.000ns period=20.000ns})
  Destination:            ultrasonic_Middle/trigger_generation/trigger_gen/count_reg[14]/D
                            (rising edge-triggered cell FDCE clocked by fpgaclk  {rise@0.000ns fall@10.000ns period=20.000ns})
  Path Group:             fpgaclk
  Path Type:              Hold (Min at Fast Process Corner)
  Requirement:            0.000ns  (fpgaclk rise@0.000ns - fpgaclk rise@0.000ns)
  Data Path Delay:        0.385ns  (logic 0.252ns (65.465%)  route 0.133ns (34.535%))
  Logic Levels:           1  (CARRY4=1)
  Clock Path Skew:        0.000ns (DCD - SCD - CPR)
    Destination Clock Delay (DCD):    2.065ns
    Source Clock Delay      (SCD):    1.549ns
    Clock Pessimism Removal (CPR):    0.516ns

    Location             Delay type                Incr(ns)  Path(ns)    Netlist Resource(s)
  -------------------------------------------------------------------    -------------------
                         (clock fpgaclk rise edge)    0.000     0.000 r  
    W5                                                0.000     0.000 r  fpgaclk (IN)
                         net (fo=0)                   0.000     0.000    fpgaclk
    W5                   IBUF (Prop_ibuf_I_O)         0.226     0.226 r  fpgaclk_IBUF_inst/O
                         net (fo=1, routed)           0.631     0.858    fpgaclk_IBUF
    BUFGCTRL_X0Y0        BUFG (Prop_bufg_I_O)         0.026     0.884 r  fpgaclk_IBUF_BUFG_inst/O
                         net (fo=53, routed)          0.665     1.549    ultrasonic_Middle/trigger_generation/trigger_gen/fpgaclk_IBUF_BUFG
    SLICE_X0Y127         FDCE                                         r  ultrasonic_Middle/trigger_generation/trigger_gen/count_reg[14]/C
  -------------------------------------------------------------------    -------------------
    SLICE_X0Y127         FDCE (Prop_fdce_C_Q)         0.141     1.690 r  ultrasonic_Middle/trigger_generation/trigger_gen/count_reg[14]/Q
                         net (fo=2, routed)           0.133     1.823    ultrasonic_Middle/trigger_generation/trigger_gen/count_reg[14]
    SLICE_X0Y127         CARRY4 (Prop_carry4_S[2]_O[2])
                                                      0.111     1.934 r  ultrasonic_Middle/trigger_generation/trigger_gen/count_reg[12]_i_1/O[2]
                         net (fo=1, routed)           0.000     1.934    ultrasonic_Middle/trigger_generation/trigger_gen/count_reg[12]_i_1_n_5
    SLICE_X0Y127         FDCE                                         r  ultrasonic_Middle/trigger_generation/trigger_gen/count_reg[14]/D
  -------------------------------------------------------------------    -------------------

                         (clock fpgaclk rise edge)    0.000     0.000 r  
    W5                                                0.000     0.000 r  fpgaclk (IN)
                         net (fo=0)                   0.000     0.000    fpgaclk
    W5                   IBUF (Prop_ibuf_I_O)         0.414     0.414 r  fpgaclk_IBUF_inst/O
                         net (fo=1, routed)           0.685     1.099    fpgaclk_IBUF
    BUFGCTRL_X0Y0        BUFG (Prop_bufg_I_O)         0.029     1.128 r  fpgaclk_IBUF_BUFG_inst/O
                         net (fo=53, routed)          0.937     2.065    ultrasonic_Middle/trigger_generation/trigger_gen/fpgaclk_IBUF_BUFG
    SLICE_X0Y127         FDCE                                         r  ultrasonic_Middle/trigger_generation/trigger_gen/count_reg[14]/C
                         clock pessimism             -0.516     1.549    
    SLICE_X0Y127         FDCE (Hold_fdce_C_D)         0.105     1.654    ultrasonic_Middle/trigger_generation/trigger_gen/count_reg[14]
  -------------------------------------------------------------------
                         required time                         -1.654    
                         arrival time                           1.934    
  -------------------------------------------------------------------
                         slack                                  0.280    

Slack (MET) :             0.280ns  (arrival time - required time)
  Source:                 ultrasonic_Middle/counter_echo_pulse/count_reg[14]/C
                            (rising edge-triggered cell FDCE clocked by fpgaclk  {rise@0.000ns fall@10.000ns period=20.000ns})
  Destination:            ultrasonic_Middle/counter_echo_pulse/count_reg[14]/D
                            (rising edge-triggered cell FDCE clocked by fpgaclk  {rise@0.000ns fall@10.000ns period=20.000ns})
  Path Group:             fpgaclk
  Path Type:              Hold (Min at Fast Process Corner)
  Requirement:            0.000ns  (fpgaclk rise@0.000ns - fpgaclk rise@0.000ns)
  Data Path Delay:        0.385ns  (logic 0.252ns (65.465%)  route 0.133ns (34.535%))
  Logic Levels:           1  (CARRY4=1)
  Clock Path Skew:        0.000ns (DCD - SCD - CPR)
    Destination Clock Delay (DCD):    2.067ns
    Source Clock Delay      (SCD):    1.551ns
    Clock Pessimism Removal (CPR):    0.516ns

    Location             Delay type                Incr(ns)  Path(ns)    Netlist Resource(s)
  -------------------------------------------------------------------    -------------------
                         (clock fpgaclk rise edge)    0.000     0.000 r  
    W5                                                0.000     0.000 r  fpgaclk (IN)
                         net (fo=0)                   0.000     0.000    fpgaclk
    W5                   IBUF (Prop_ibuf_I_O)         0.226     0.226 r  fpgaclk_IBUF_inst/O
                         net (fo=1, routed)           0.631     0.858    fpgaclk_IBUF
    BUFGCTRL_X0Y0        BUFG (Prop_bufg_I_O)         0.026     0.884 r  fpgaclk_IBUF_BUFG_inst/O
                         net (fo=53, routed)          0.667     1.551    ultrasonic_Middle/counter_echo_pulse/fpgaclk_IBUF_BUFG
    SLICE_X4Y131         FDCE                                         r  ultrasonic_Middle/counter_echo_pulse/count_reg[14]/C
  -------------------------------------------------------------------    -------------------
    SLICE_X4Y131         FDCE (Prop_fdce_C_Q)         0.141     1.692 r  ultrasonic_Middle/counter_echo_pulse/count_reg[14]/Q
                         net (fo=2, routed)           0.133     1.825    ultrasonic_Middle/counter_echo_pulse/count_reg[14]
    SLICE_X4Y131         CARRY4 (Prop_carry4_S[2]_O[2])
                                                      0.111     1.936 r  ultrasonic_Middle/counter_echo_pulse/count_reg[12]_i_1__0/O[2]
                         net (fo=1, routed)           0.000     1.936    ultrasonic_Middle/counter_echo_pulse/count_reg[12]_i_1__0_n_5
    SLICE_X4Y131         FDCE                                         r  ultrasonic_Middle/counter_echo_pulse/count_reg[14]/D
  -------------------------------------------------------------------    -------------------

                         (clock fpgaclk rise edge)    0.000     0.000 r  
    W5                                                0.000     0.000 r  fpgaclk (IN)
                         net (fo=0)                   0.000     0.000    fpgaclk
    W5                   IBUF (Prop_ibuf_I_O)         0.414     0.414 r  fpgaclk_IBUF_inst/O
                         net (fo=1, routed)           0.685     1.099    fpgaclk_IBUF
    BUFGCTRL_X0Y0        BUFG (Prop_bufg_I_O)         0.029     1.128 r  fpgaclk_IBUF_BUFG_inst/O
                         net (fo=53, routed)          0.939     2.067    ultrasonic_Middle/counter_echo_pulse/fpgaclk_IBUF_BUFG
    SLICE_X4Y131         FDCE                                         r  ultrasonic_Middle/counter_echo_pulse/count_reg[14]/C
                         clock pessimism             -0.516     1.551    
    SLICE_X4Y131         FDCE (Hold_fdce_C_D)         0.105     1.656    ultrasonic_Middle/counter_echo_pulse/count_reg[14]
  -------------------------------------------------------------------
                         required time                         -1.656    
                         arrival time                           1.936    
  -------------------------------------------------------------------
                         slack                                  0.280    

Slack (MET) :             0.281ns  (arrival time - required time)
  Source:                 ultrasonic_Middle/counter_echo_pulse/count_reg[6]/C
                            (rising edge-triggered cell FDCE clocked by fpgaclk  {rise@0.000ns fall@10.000ns period=20.000ns})
  Destination:            ultrasonic_Middle/counter_echo_pulse/count_reg[6]/D
                            (rising edge-triggered cell FDCE clocked by fpgaclk  {rise@0.000ns fall@10.000ns period=20.000ns})
  Path Group:             fpgaclk
  Path Type:              Hold (Min at Fast Process Corner)
  Requirement:            0.000ns  (fpgaclk rise@0.000ns - fpgaclk rise@0.000ns)
  Data Path Delay:        0.386ns  (logic 0.252ns (65.354%)  route 0.134ns (34.646%))
  Logic Levels:           1  (CARRY4=1)
  Clock Path Skew:        0.000ns (DCD - SCD - CPR)
    Destination Clock Delay (DCD):    2.065ns
    Source Clock Delay      (SCD):    1.549ns
    Clock Pessimism Removal (CPR):    0.516ns

    Location             Delay type                Incr(ns)  Path(ns)    Netlist Resource(s)
  -------------------------------------------------------------------    -------------------
                         (clock fpgaclk rise edge)    0.000     0.000 r  
    W5                                                0.000     0.000 r  fpgaclk (IN)
                         net (fo=0)                   0.000     0.000    fpgaclk
    W5                   IBUF (Prop_ibuf_I_O)         0.226     0.226 r  fpgaclk_IBUF_inst/O
                         net (fo=1, routed)           0.631     0.858    fpgaclk_IBUF
    BUFGCTRL_X0Y0        BUFG (Prop_bufg_I_O)         0.026     0.884 r  fpgaclk_IBUF_BUFG_inst/O
                         net (fo=53, routed)          0.665     1.549    ultrasonic_Middle/counter_echo_pulse/fpgaclk_IBUF_BUFG
    SLICE_X4Y129         FDCE                                         r  ultrasonic_Middle/counter_echo_pulse/count_reg[6]/C
  -------------------------------------------------------------------    -------------------
    SLICE_X4Y129         FDCE (Prop_fdce_C_Q)         0.141     1.690 r  ultrasonic_Middle/counter_echo_pulse/count_reg[6]/Q
                         net (fo=3, routed)           0.134     1.823    ultrasonic_Middle/counter_echo_pulse/count_reg[6]
    SLICE_X4Y129         CARRY4 (Prop_carry4_S[2]_O[2])
                                                      0.111     1.934 r  ultrasonic_Middle/counter_echo_pulse/count_reg[4]_i_1__1/O[2]
                         net (fo=1, routed)           0.000     1.934    ultrasonic_Middle/counter_echo_pulse/count_reg[4]_i_1__1_n_5
    SLICE_X4Y129         FDCE                                         r  ultrasonic_Middle/counter_echo_pulse/count_reg[6]/D
  -------------------------------------------------------------------    -------------------

                         (clock fpgaclk rise edge)    0.000     0.000 r  
    W5                                                0.000     0.000 r  fpgaclk (IN)
                         net (fo=0)                   0.000     0.000    fpgaclk
    W5                   IBUF (Prop_ibuf_I_O)         0.414     0.414 r  fpgaclk_IBUF_inst/O
                         net (fo=1, routed)           0.685     1.099    fpgaclk_IBUF
    BUFGCTRL_X0Y0        BUFG (Prop_bufg_I_O)         0.029     1.128 r  fpgaclk_IBUF_BUFG_inst/O
                         net (fo=53, routed)          0.937     2.065    ultrasonic_Middle/counter_echo_pulse/fpgaclk_IBUF_BUFG
    SLICE_X4Y129         FDCE                                         r  ultrasonic_Middle/counter_echo_pulse/count_reg[6]/C
                         clock pessimism             -0.516     1.549    
    SLICE_X4Y129         FDCE (Hold_fdce_C_D)         0.105     1.654    ultrasonic_Middle/counter_echo_pulse/count_reg[6]
  -------------------------------------------------------------------
                         required time                         -1.654    
                         arrival time                           1.934    
  -------------------------------------------------------------------
                         slack                                  0.281    

Slack (MET) :             0.281ns  (arrival time - required time)
  Source:                 ultrasonic_Middle/trigger_generation/trigger_gen/count_reg[18]/C
                            (rising edge-triggered cell FDCE clocked by fpgaclk  {rise@0.000ns fall@10.000ns period=20.000ns})
  Destination:            ultrasonic_Middle/trigger_generation/trigger_gen/count_reg[18]/D
                            (rising edge-triggered cell FDCE clocked by fpgaclk  {rise@0.000ns fall@10.000ns period=20.000ns})
  Path Group:             fpgaclk
  Path Type:              Hold (Min at Fast Process Corner)
  Requirement:            0.000ns  (fpgaclk rise@0.000ns - fpgaclk rise@0.000ns)
  Data Path Delay:        0.386ns  (logic 0.252ns (65.354%)  route 0.134ns (34.646%))
  Logic Levels:           1  (CARRY4=1)
  Clock Path Skew:        0.000ns (DCD - SCD - CPR)
    Destination Clock Delay (DCD):    2.066ns
    Source Clock Delay      (SCD):    1.549ns
    Clock Pessimism Removal (CPR):    0.517ns

    Location             Delay type                Incr(ns)  Path(ns)    Netlist Resource(s)
  -------------------------------------------------------------------    -------------------
                         (clock fpgaclk rise edge)    0.000     0.000 r  
    W5                                                0.000     0.000 r  fpgaclk (IN)
                         net (fo=0)                   0.000     0.000    fpgaclk
    W5                   IBUF (Prop_ibuf_I_O)         0.226     0.226 r  fpgaclk_IBUF_inst/O
                         net (fo=1, routed)           0.631     0.858    fpgaclk_IBUF
    BUFGCTRL_X0Y0        BUFG (Prop_bufg_I_O)         0.026     0.884 r  fpgaclk_IBUF_BUFG_inst/O
                         net (fo=53, routed)          0.665     1.549    ultrasonic_Middle/trigger_generation/trigger_gen/fpgaclk_IBUF_BUFG
    SLICE_X0Y128         FDCE                                         r  ultrasonic_Middle/trigger_generation/trigger_gen/count_reg[18]/C
  -------------------------------------------------------------------    -------------------
    SLICE_X0Y128         FDCE (Prop_fdce_C_Q)         0.141     1.690 r  ultrasonic_Middle/trigger_generation/trigger_gen/count_reg[18]/Q
                         net (fo=2, routed)           0.134     1.823    ultrasonic_Middle/trigger_generation/trigger_gen/count_reg[18]
    SLICE_X0Y128         CARRY4 (Prop_carry4_S[2]_O[2])
                                                      0.111     1.934 r  ultrasonic_Middle/trigger_generation/trigger_gen/count_reg[16]_i_1/O[2]
                         net (fo=1, routed)           0.000     1.934    ultrasonic_Middle/trigger_generation/trigger_gen/count_reg[16]_i_1_n_5
    SLICE_X0Y128         FDCE                                         r  ultrasonic_Middle/trigger_generation/trigger_gen/count_reg[18]/D
  -------------------------------------------------------------------    -------------------

                         (clock fpgaclk rise edge)    0.000     0.000 r  
    W5                                                0.000     0.000 r  fpgaclk (IN)
                         net (fo=0)                   0.000     0.000    fpgaclk
    W5                   IBUF (Prop_ibuf_I_O)         0.414     0.414 r  fpgaclk_IBUF_inst/O
                         net (fo=1, routed)           0.685     1.099    fpgaclk_IBUF
    BUFGCTRL_X0Y0        BUFG (Prop_bufg_I_O)         0.029     1.128 r  fpgaclk_IBUF_BUFG_inst/O
                         net (fo=53, routed)          0.938     2.066    ultrasonic_Middle/trigger_generation/trigger_gen/fpgaclk_IBUF_BUFG
    SLICE_X0Y128         FDCE                                         r  ultrasonic_Middle/trigger_generation/trigger_gen/count_reg[18]/C
                         clock pessimism             -0.517     1.549    
    SLICE_X0Y128         FDCE (Hold_fdce_C_D)         0.105     1.654    ultrasonic_Middle/trigger_generation/trigger_gen/count_reg[18]
  -------------------------------------------------------------------
                         required time                         -1.654    
                         arrival time                           1.934    
  -------------------------------------------------------------------
                         slack                                  0.281    

Slack (MET) :             0.281ns  (arrival time - required time)
  Source:                 ultrasonic_Middle/trigger_generation/trigger_gen/count_reg[6]/C
                            (rising edge-triggered cell FDCE clocked by fpgaclk  {rise@0.000ns fall@10.000ns period=20.000ns})
  Destination:            ultrasonic_Middle/trigger_generation/trigger_gen/count_reg[6]/D
                            (rising edge-triggered cell FDCE clocked by fpgaclk  {rise@0.000ns fall@10.000ns period=20.000ns})
  Path Group:             fpgaclk
  Path Type:              Hold (Min at Fast Process Corner)
  Requirement:            0.000ns  (fpgaclk rise@0.000ns - fpgaclk rise@0.000ns)
  Data Path Delay:        0.386ns  (logic 0.252ns (65.354%)  route 0.134ns (34.646%))
  Logic Levels:           1  (CARRY4=1)
  Clock Path Skew:        0.000ns (DCD - SCD - CPR)
    Destination Clock Delay (DCD):    2.062ns
    Source Clock Delay      (SCD):    1.546ns
    Clock Pessimism Removal (CPR):    0.516ns

    Location             Delay type                Incr(ns)  Path(ns)    Netlist Resource(s)
  -------------------------------------------------------------------    -------------------
                         (clock fpgaclk rise edge)    0.000     0.000 r  
    W5                                                0.000     0.000 r  fpgaclk (IN)
                         net (fo=0)                   0.000     0.000    fpgaclk
    W5                   IBUF (Prop_ibuf_I_O)         0.226     0.226 r  fpgaclk_IBUF_inst/O
                         net (fo=1, routed)           0.631     0.858    fpgaclk_IBUF
    BUFGCTRL_X0Y0        BUFG (Prop_bufg_I_O)         0.026     0.884 r  fpgaclk_IBUF_BUFG_inst/O
                         net (fo=53, routed)          0.662     1.546    ultrasonic_Middle/trigger_generation/trigger_gen/fpgaclk_IBUF_BUFG
    SLICE_X0Y125         FDCE                                         r  ultrasonic_Middle/trigger_generation/trigger_gen/count_reg[6]/C
  -------------------------------------------------------------------    -------------------
    SLICE_X0Y125         FDCE (Prop_fdce_C_Q)         0.141     1.687 r  ultrasonic_Middle/trigger_generation/trigger_gen/count_reg[6]/Q
                         net (fo=4, routed)           0.134     1.820    ultrasonic_Middle/trigger_generation/trigger_gen/count_reg[6]
    SLICE_X0Y125         CARRY4 (Prop_carry4_S[2]_O[2])
                                                      0.111     1.931 r  ultrasonic_Middle/trigger_generation/trigger_gen/count_reg[4]_i_1__0/O[2]
                         net (fo=1, routed)           0.000     1.931    ultrasonic_Middle/trigger_generation/trigger_gen/count_reg[4]_i_1__0_n_5
    SLICE_X0Y125         FDCE                                         r  ultrasonic_Middle/trigger_generation/trigger_gen/count_reg[6]/D
  -------------------------------------------------------------------    -------------------

                         (clock fpgaclk rise edge)    0.000     0.000 r  
    W5                                                0.000     0.000 r  fpgaclk (IN)
                         net (fo=0)                   0.000     0.000    fpgaclk
    W5                   IBUF (Prop_ibuf_I_O)         0.414     0.414 r  fpgaclk_IBUF_inst/O
                         net (fo=1, routed)           0.685     1.099    fpgaclk_IBUF
    BUFGCTRL_X0Y0        BUFG (Prop_bufg_I_O)         0.029     1.128 r  fpgaclk_IBUF_BUFG_inst/O
                         net (fo=53, routed)          0.934     2.062    ultrasonic_Middle/trigger_generation/trigger_gen/fpgaclk_IBUF_BUFG
    SLICE_X0Y125         FDCE                                         r  ultrasonic_Middle/trigger_generation/trigger_gen/count_reg[6]/C
                         clock pessimism             -0.516     1.546    
    SLICE_X0Y125         FDCE (Hold_fdce_C_D)         0.105     1.651    ultrasonic_Middle/trigger_generation/trigger_gen/count_reg[6]
  -------------------------------------------------------------------
                         required time                         -1.651    
                         arrival time                           1.931    
  -------------------------------------------------------------------
                         slack                                  0.281    

Slack (MET) :             0.289ns  (arrival time - required time)
  Source:                 PWM1/CLOCK/q_reg[6]/C
                            (rising edge-triggered cell FDRE clocked by fpgaclk  {rise@0.000ns fall@10.000ns period=20.000ns})
  Destination:            PWM1/CLOCK/q_reg[6]/D
                            (rising edge-triggered cell FDRE clocked by fpgaclk  {rise@0.000ns fall@10.000ns period=20.000ns})
  Path Group:             fpgaclk
  Path Type:              Hold (Min at Fast Process Corner)
  Requirement:            0.000ns  (fpgaclk rise@0.000ns - fpgaclk rise@0.000ns)
  Data Path Delay:        0.423ns  (logic 0.274ns (64.777%)  route 0.149ns (35.223%))
  Logic Levels:           1  (CARRY4=1)
  Clock Path Skew:        0.000ns (DCD - SCD - CPR)
    Destination Clock Delay (DCD):    2.069ns
    Source Clock Delay      (SCD):    1.552ns
    Clock Pessimism Removal (CPR):    0.517ns

    Location             Delay type                Incr(ns)  Path(ns)    Netlist Resource(s)
  -------------------------------------------------------------------    -------------------
                         (clock fpgaclk rise edge)    0.000     0.000 r  
    W5                                                0.000     0.000 r  fpgaclk (IN)
                         net (fo=0)                   0.000     0.000    fpgaclk
    W5                   IBUF (Prop_ibuf_I_O)         0.226     0.226 r  fpgaclk_IBUF_inst/O
                         net (fo=1, routed)           0.631     0.858    fpgaclk_IBUF
    BUFGCTRL_X0Y0        BUFG (Prop_bufg_I_O)         0.026     0.884 r  fpgaclk_IBUF_BUFG_inst/O
                         net (fo=53, routed)          0.668     1.552    PWM1/CLOCK/fpgaclk_IBUF_BUFG
    SLICE_X2Y131         FDRE                                         r  PWM1/CLOCK/q_reg[6]/C
  -------------------------------------------------------------------    -------------------
    SLICE_X2Y131         FDRE (Prop_fdre_C_Q)         0.164     1.716 r  PWM1/CLOCK/q_reg[6]/Q
                         net (fo=9, routed)           0.149     1.865    PWM1/CLOCK/S[0]
    SLICE_X2Y131         CARRY4 (Prop_carry4_S[2]_O[2])
                                                      0.110     1.975 r  PWM1/CLOCK/q_reg[4]_i_1/O[2]
                         net (fo=1, routed)           0.000     1.975    PWM1/CLOCK/q_reg[4]_i_1_n_5
    SLICE_X2Y131         FDRE                                         r  PWM1/CLOCK/q_reg[6]/D
  -------------------------------------------------------------------    -------------------

                         (clock fpgaclk rise edge)    0.000     0.000 r  
    W5                                                0.000     0.000 r  fpgaclk (IN)
                         net (fo=0)                   0.000     0.000    fpgaclk
    W5                   IBUF (Prop_ibuf_I_O)         0.414     0.414 r  fpgaclk_IBUF_inst/O
                         net (fo=1, routed)           0.685     1.099    fpgaclk_IBUF
    BUFGCTRL_X0Y0        BUFG (Prop_bufg_I_O)         0.029     1.128 r  fpgaclk_IBUF_BUFG_inst/O
                         net (fo=53, routed)          0.941     2.069    PWM1/CLOCK/fpgaclk_IBUF_BUFG
    SLICE_X2Y131         FDRE                                         r  PWM1/CLOCK/q_reg[6]/C
                         clock pessimism             -0.517     1.552    
    SLICE_X2Y131         FDRE (Hold_fdre_C_D)         0.134     1.686    PWM1/CLOCK/q_reg[6]
  -------------------------------------------------------------------
                         required time                         -1.686    
                         arrival time                           1.975    
  -------------------------------------------------------------------
                         slack                                  0.289    

Slack (MET) :             0.301ns  (arrival time - required time)
  Source:                 ultrasonic_Middle/counter_echo_pulse/count_reg[2]/C
                            (rising edge-triggered cell FDCE clocked by fpgaclk  {rise@0.000ns fall@10.000ns period=20.000ns})
  Destination:            ultrasonic_Middle/counter_echo_pulse/count_reg[3]/D
                            (rising edge-triggered cell FDCE clocked by fpgaclk  {rise@0.000ns fall@10.000ns period=20.000ns})
  Path Group:             fpgaclk
  Path Type:              Hold (Min at Fast Process Corner)
  Requirement:            0.000ns  (fpgaclk rise@0.000ns - fpgaclk rise@0.000ns)
  Data Path Delay:        0.406ns  (logic 0.285ns (70.118%)  route 0.121ns (29.882%))
  Logic Levels:           1  (CARRY4=1)
  Clock Path Skew:        0.000ns (DCD - SCD - CPR)
    Destination Clock Delay (DCD):    2.064ns
    Source Clock Delay      (SCD):    1.548ns
    Clock Pessimism Removal (CPR):    0.516ns

    Location             Delay type                Incr(ns)  Path(ns)    Netlist Resource(s)
  -------------------------------------------------------------------    -------------------
                         (clock fpgaclk rise edge)    0.000     0.000 r  
    W5                                                0.000     0.000 r  fpgaclk (IN)
                         net (fo=0)                   0.000     0.000    fpgaclk
    W5                   IBUF (Prop_ibuf_I_O)         0.226     0.226 r  fpgaclk_IBUF_inst/O
                         net (fo=1, routed)           0.631     0.858    fpgaclk_IBUF
    BUFGCTRL_X0Y0        BUFG (Prop_bufg_I_O)         0.026     0.884 r  fpgaclk_IBUF_BUFG_inst/O
                         net (fo=53, routed)          0.664     1.548    ultrasonic_Middle/counter_echo_pulse/fpgaclk_IBUF_BUFG
    SLICE_X4Y128         FDCE                                         r  ultrasonic_Middle/counter_echo_pulse/count_reg[2]/C
  -------------------------------------------------------------------    -------------------
    SLICE_X4Y128         FDCE (Prop_fdce_C_Q)         0.141     1.689 r  ultrasonic_Middle/counter_echo_pulse/count_reg[2]/Q
                         net (fo=1, routed)           0.121     1.810    ultrasonic_Middle/counter_echo_pulse/count_reg_n_0_[2]
    SLICE_X4Y128         CARRY4 (Prop_carry4_S[2]_O[3])
                                                      0.144     1.954 r  ultrasonic_Middle/counter_echo_pulse/count_reg[0]_i_1__0/O[3]
                         net (fo=1, routed)           0.000     1.954    ultrasonic_Middle/counter_echo_pulse/count_reg[0]_i_1__0_n_4
    SLICE_X4Y128         FDCE                                         r  ultrasonic_Middle/counter_echo_pulse/count_reg[3]/D
  -------------------------------------------------------------------    -------------------

                         (clock fpgaclk rise edge)    0.000     0.000 r  
    W5                                                0.000     0.000 r  fpgaclk (IN)
                         net (fo=0)                   0.000     0.000    fpgaclk
    W5                   IBUF (Prop_ibuf_I_O)         0.414     0.414 r  fpgaclk_IBUF_inst/O
                         net (fo=1, routed)           0.685     1.099    fpgaclk_IBUF
    BUFGCTRL_X0Y0        BUFG (Prop_bufg_I_O)         0.029     1.128 r  fpgaclk_IBUF_BUFG_inst/O
                         net (fo=53, routed)          0.936     2.064    ultrasonic_Middle/counter_echo_pulse/fpgaclk_IBUF_BUFG
    SLICE_X4Y128         FDCE                                         r  ultrasonic_Middle/counter_echo_pulse/count_reg[3]/C
                         clock pessimism             -0.516     1.548    
    SLICE_X4Y128         FDCE (Hold_fdce_C_D)         0.105     1.653    ultrasonic_Middle/counter_echo_pulse/count_reg[3]
  -------------------------------------------------------------------
                         required time                         -1.653    
                         arrival time                           1.954    
  -------------------------------------------------------------------
                         slack                                  0.301    





Pulse Width Checks
--------------------------------------------------------------------------------------
Clock Name:         fpgaclk
Waveform(ns):       { 0.000 10.000 }
Period(ns):         20.000
Sources:            { fpgaclk }

Check Type        Corner  Lib Pin  Reference Pin  Required(ns)  Actual(ns)  Slack(ns)  Location       Pin
Min Period        n/a     BUFG/I   n/a            2.155         20.000      17.845     BUFGCTRL_X0Y0  fpgaclk_IBUF_BUFG_inst/I
Min Period        n/a     FDRE/C   n/a            1.000         20.000      19.000     SLICE_X2Y130   PWM1/CLOCK/q_reg[0]/C
Min Period        n/a     FDRE/C   n/a            1.000         20.000      19.000     SLICE_X2Y130   PWM1/CLOCK/q_reg[1]/C
Min Period        n/a     FDRE/C   n/a            1.000         20.000      19.000     SLICE_X2Y130   PWM1/CLOCK/q_reg[2]/C
Min Period        n/a     FDRE/C   n/a            1.000         20.000      19.000     SLICE_X2Y130   PWM1/CLOCK/q_reg[3]/C
Min Period        n/a     FDRE/C   n/a            1.000         20.000      19.000     SLICE_X2Y131   PWM1/CLOCK/q_reg[4]/C
Min Period        n/a     FDRE/C   n/a            1.000         20.000      19.000     SLICE_X2Y131   PWM1/CLOCK/q_reg[5]/C
Min Period        n/a     FDRE/C   n/a            1.000         20.000      19.000     SLICE_X2Y131   PWM1/CLOCK/q_reg[6]/C
Min Period        n/a     FDCE/C   n/a            1.000         20.000      19.000     SLICE_X4Y128   ultrasonic_Middle/counter_echo_pulse/count_reg[0]/C
Min Period        n/a     FDCE/C   n/a            1.000         20.000      19.000     SLICE_X4Y130   ultrasonic_Middle/counter_echo_pulse/count_reg[10]/C
Low Pulse Width   Slow    FDRE/C   n/a            0.500         10.000      9.500      SLICE_X2Y130   PWM1/CLOCK/q_reg[0]/C
Low Pulse Width   Fast    FDRE/C   n/a            0.500         10.000      9.500      SLICE_X2Y130   PWM1/CLOCK/q_reg[0]/C
Low Pulse Width   Slow    FDRE/C   n/a            0.500         10.000      9.500      SLICE_X2Y130   PWM1/CLOCK/q_reg[1]/C
Low Pulse Width   Fast    FDRE/C   n/a            0.500         10.000      9.500      SLICE_X2Y130   PWM1/CLOCK/q_reg[1]/C
Low Pulse Width   Slow    FDRE/C   n/a            0.500         10.000      9.500      SLICE_X2Y130   PWM1/CLOCK/q_reg[2]/C
Low Pulse Width   Fast    FDRE/C   n/a            0.500         10.000      9.500      SLICE_X2Y130   PWM1/CLOCK/q_reg[2]/C
Low Pulse Width   Slow    FDRE/C   n/a            0.500         10.000      9.500      SLICE_X2Y130   PWM1/CLOCK/q_reg[3]/C
Low Pulse Width   Fast    FDRE/C   n/a            0.500         10.000      9.500      SLICE_X2Y130   PWM1/CLOCK/q_reg[3]/C
Low Pulse Width   Slow    FDRE/C   n/a            0.500         10.000      9.500      SLICE_X2Y131   PWM1/CLOCK/q_reg[4]/C
Low Pulse Width   Fast    FDRE/C   n/a            0.500         10.000      9.500      SLICE_X2Y131   PWM1/CLOCK/q_reg[4]/C
High Pulse Width  Slow    FDRE/C   n/a            0.500         10.000      9.500      SLICE_X2Y130   PWM1/CLOCK/q_reg[0]/C
High Pulse Width  Fast    FDRE/C   n/a            0.500         10.000      9.500      SLICE_X2Y130   PWM1/CLOCK/q_reg[0]/C
High Pulse Width  Slow    FDRE/C   n/a            0.500         10.000      9.500      SLICE_X2Y130   PWM1/CLOCK/q_reg[1]/C
High Pulse Width  Fast    FDRE/C   n/a            0.500         10.000      9.500      SLICE_X2Y130   PWM1/CLOCK/q_reg[1]/C
High Pulse Width  Slow    FDRE/C   n/a            0.500         10.000      9.500      SLICE_X2Y130   PWM1/CLOCK/q_reg[2]/C
High Pulse Width  Fast    FDRE/C   n/a            0.500         10.000      9.500      SLICE_X2Y130   PWM1/CLOCK/q_reg[2]/C
High Pulse Width  Slow    FDRE/C   n/a            0.500         10.000      9.500      SLICE_X2Y130   PWM1/CLOCK/q_reg[3]/C
High Pulse Width  Fast    FDRE/C   n/a            0.500         10.000      9.500      SLICE_X2Y130   PWM1/CLOCK/q_reg[3]/C
High Pulse Width  Slow    FDRE/C   n/a            0.500         10.000      9.500      SLICE_X2Y131   PWM1/CLOCK/q_reg[4]/C
High Pulse Width  Fast    FDRE/C   n/a            0.500         10.000      9.500      SLICE_X2Y131   PWM1/CLOCK/q_reg[4]/C



---------------------------------------------------------------------------------------------------
Path Group:  **async_default**
From Clock:  fpgaclk
  To Clock:  fpgaclk

Setup :            0  Failing Endpoints,  Worst Slack       14.928ns,  Total Violation        0.000ns
Hold  :            0  Failing Endpoints,  Worst Slack        0.595ns,  Total Violation        0.000ns
---------------------------------------------------------------------------------------------------


Max Delay Paths
--------------------------------------------------------------------------------------
Slack (MET) :             14.928ns  (required time - arrival time)
  Source:                 ultrasonic_Middle/trigger_generation/trigger_gen/count_reg[3]/C
                            (rising edge-triggered cell FDCE clocked by fpgaclk  {rise@0.000ns fall@10.000ns period=20.000ns})
  Destination:            ultrasonic_Middle/counter_echo_pulse/count_reg[20]/CLR
                            (recovery check against rising-edge clock fpgaclk  {rise@0.000ns fall@10.000ns period=20.000ns})
  Path Group:             **async_default**
  Path Type:              Recovery (Max at Slow Process Corner)
  Requirement:            20.000ns  (fpgaclk rise@20.000ns - fpgaclk rise@0.000ns)
  Data Path Delay:        4.605ns  (logic 0.828ns (17.981%)  route 3.777ns (82.019%))
  Logic Levels:           3  (LUT5=1 LUT6=2)
  Clock Path Skew:        -0.027ns (DCD - SCD + CPR)
    Destination Clock Delay (DCD):    5.016ns = ( 25.016 - 20.000 ) 
    Source Clock Delay      (SCD):    5.310ns
    Clock Pessimism Removal (CPR):    0.267ns
  Clock Uncertainty:      0.035ns  ((TSJ^2 + TIJ^2)^1/2 + DJ) / 2 + PE
    Total System Jitter     (TSJ):    0.071ns
    Total Input Jitter      (TIJ):    0.000ns
    Discrete Jitter          (DJ):    0.000ns
    Phase Error              (PE):    0.000ns

    Location             Delay type                Incr(ns)  Path(ns)    Netlist Resource(s)
  -------------------------------------------------------------------    -------------------
                         (clock fpgaclk rise edge)    0.000     0.000 r  
    W5                                                0.000     0.000 r  fpgaclk (IN)
                         net (fo=0)                   0.000     0.000    fpgaclk
    W5                   IBUF (Prop_ibuf_I_O)         1.458     1.458 r  fpgaclk_IBUF_inst/O
                         net (fo=1, routed)           1.967     3.425    fpgaclk_IBUF
    BUFGCTRL_X0Y0        BUFG (Prop_bufg_I_O)         0.096     3.521 r  fpgaclk_IBUF_BUFG_inst/O
                         net (fo=53, routed)          1.789     5.310    ultrasonic_Middle/trigger_generation/trigger_gen/fpgaclk_IBUF_BUFG
    SLICE_X0Y124         FDCE                                         r  ultrasonic_Middle/trigger_generation/trigger_gen/count_reg[3]/C
  -------------------------------------------------------------------    -------------------
    SLICE_X0Y124         FDCE (Prop_fdce_C_Q)         0.456     5.766 f  ultrasonic_Middle/trigger_generation/trigger_gen/count_reg[3]/Q
                         net (fo=4, routed)           1.345     7.111    ultrasonic_Middle/trigger_generation/trigger_gen/count_reg[3]
    SLICE_X2Y124         LUT6 (Prop_lut6_I1_O)        0.124     7.235 f  ultrasonic_Middle/trigger_generation/trigger_gen/trigger_OBUF_inst_i_7/O
                         net (fo=1, routed)           0.455     7.691    ultrasonic_Middle/trigger_generation/trigger_gen/trigger_OBUF_inst_i_7_n_0
    SLICE_X1Y126         LUT6 (Prop_lut6_I4_O)        0.124     7.815 f  ultrasonic_Middle/trigger_generation/trigger_gen/trigger_OBUF_inst_i_5/O
                         net (fo=1, routed)           0.433     8.248    ultrasonic_Middle/trigger_generation/trigger_gen/trigger_OBUF_inst_i_5_n_0
    SLICE_X1Y126         LUT5 (Prop_lut5_I4_O)        0.124     8.372 f  ultrasonic_Middle/trigger_generation/trigger_gen/trigger_OBUF_inst_i_1/O
                         net (fo=23, routed)          1.543     9.915    ultrasonic_Middle/counter_echo_pulse/count_reg[0]_0
    SLICE_X4Y133         FDCE                                         f  ultrasonic_Middle/counter_echo_pulse/count_reg[20]/CLR
  -------------------------------------------------------------------    -------------------

                         (clock fpgaclk rise edge)   20.000    20.000 r  
    W5                                                0.000    20.000 r  fpgaclk (IN)
                         net (fo=0)                   0.000    20.000    fpgaclk
    W5                   IBUF (Prop_ibuf_I_O)         1.388    21.388 r  fpgaclk_IBUF_inst/O
                         net (fo=1, routed)           1.862    23.250    fpgaclk_IBUF
    BUFGCTRL_X0Y0        BUFG (Prop_bufg_I_O)         0.091    23.341 r  fpgaclk_IBUF_BUFG_inst/O
                         net (fo=53, routed)          1.675    25.016    ultrasonic_Middle/counter_echo_pulse/fpgaclk_IBUF_BUFG
    SLICE_X4Y133         FDCE                                         r  ultrasonic_Middle/counter_echo_pulse/count_reg[20]/C
                         clock pessimism              0.267    25.283    
                         clock uncertainty           -0.035    25.248    
    SLICE_X4Y133         FDCE (Recov_fdce_C_CLR)     -0.405    24.843    ultrasonic_Middle/counter_echo_pulse/count_reg[20]
  -------------------------------------------------------------------
                         required time                         24.843    
                         arrival time                          -9.915    
  -------------------------------------------------------------------
                         slack                                 14.928    

Slack (MET) :             14.928ns  (required time - arrival time)
  Source:                 ultrasonic_Middle/trigger_generation/trigger_gen/count_reg[3]/C
                            (rising edge-triggered cell FDCE clocked by fpgaclk  {rise@0.000ns fall@10.000ns period=20.000ns})
  Destination:            ultrasonic_Middle/counter_echo_pulse/count_reg[21]/CLR
                            (recovery check against rising-edge clock fpgaclk  {rise@0.000ns fall@10.000ns period=20.000ns})
  Path Group:             **async_default**
  Path Type:              Recovery (Max at Slow Process Corner)
  Requirement:            20.000ns  (fpgaclk rise@20.000ns - fpgaclk rise@0.000ns)
  Data Path Delay:        4.605ns  (logic 0.828ns (17.981%)  route 3.777ns (82.019%))
  Logic Levels:           3  (LUT5=1 LUT6=2)
  Clock Path Skew:        -0.027ns (DCD - SCD + CPR)
    Destination Clock Delay (DCD):    5.016ns = ( 25.016 - 20.000 ) 
    Source Clock Delay      (SCD):    5.310ns
    Clock Pessimism Removal (CPR):    0.267ns
  Clock Uncertainty:      0.035ns  ((TSJ^2 + TIJ^2)^1/2 + DJ) / 2 + PE
    Total System Jitter     (TSJ):    0.071ns
    Total Input Jitter      (TIJ):    0.000ns
    Discrete Jitter          (DJ):    0.000ns
    Phase Error              (PE):    0.000ns

    Location             Delay type                Incr(ns)  Path(ns)    Netlist Resource(s)
  -------------------------------------------------------------------    -------------------
                         (clock fpgaclk rise edge)    0.000     0.000 r  
    W5                                                0.000     0.000 r  fpgaclk (IN)
                         net (fo=0)                   0.000     0.000    fpgaclk
    W5                   IBUF (Prop_ibuf_I_O)         1.458     1.458 r  fpgaclk_IBUF_inst/O
                         net (fo=1, routed)           1.967     3.425    fpgaclk_IBUF
    BUFGCTRL_X0Y0        BUFG (Prop_bufg_I_O)         0.096     3.521 r  fpgaclk_IBUF_BUFG_inst/O
                         net (fo=53, routed)          1.789     5.310    ultrasonic_Middle/trigger_generation/trigger_gen/fpgaclk_IBUF_BUFG
    SLICE_X0Y124         FDCE                                         r  ultrasonic_Middle/trigger_generation/trigger_gen/count_reg[3]/C
  -------------------------------------------------------------------    -------------------
    SLICE_X0Y124         FDCE (Prop_fdce_C_Q)         0.456     5.766 f  ultrasonic_Middle/trigger_generation/trigger_gen/count_reg[3]/Q
                         net (fo=4, routed)           1.345     7.111    ultrasonic_Middle/trigger_generation/trigger_gen/count_reg[3]
    SLICE_X2Y124         LUT6 (Prop_lut6_I1_O)        0.124     7.235 f  ultrasonic_Middle/trigger_generation/trigger_gen/trigger_OBUF_inst_i_7/O
                         net (fo=1, routed)           0.455     7.691    ultrasonic_Middle/trigger_generation/trigger_gen/trigger_OBUF_inst_i_7_n_0
    SLICE_X1Y126         LUT6 (Prop_lut6_I4_O)        0.124     7.815 f  ultrasonic_Middle/trigger_generation/trigger_gen/trigger_OBUF_inst_i_5/O
                         net (fo=1, routed)           0.433     8.248    ultrasonic_Middle/trigger_generation/trigger_gen/trigger_OBUF_inst_i_5_n_0
    SLICE_X1Y126         LUT5 (Prop_lut5_I4_O)        0.124     8.372 f  ultrasonic_Middle/trigger_generation/trigger_gen/trigger_OBUF_inst_i_1/O
                         net (fo=23, routed)          1.543     9.915    ultrasonic_Middle/counter_echo_pulse/count_reg[0]_0
    SLICE_X4Y133         FDCE                                         f  ultrasonic_Middle/counter_echo_pulse/count_reg[21]/CLR
  -------------------------------------------------------------------    -------------------

                         (clock fpgaclk rise edge)   20.000    20.000 r  
    W5                                                0.000    20.000 r  fpgaclk (IN)
                         net (fo=0)                   0.000    20.000    fpgaclk
    W5                   IBUF (Prop_ibuf_I_O)         1.388    21.388 r  fpgaclk_IBUF_inst/O
                         net (fo=1, routed)           1.862    23.250    fpgaclk_IBUF
    BUFGCTRL_X0Y0        BUFG (Prop_bufg_I_O)         0.091    23.341 r  fpgaclk_IBUF_BUFG_inst/O
                         net (fo=53, routed)          1.675    25.016    ultrasonic_Middle/counter_echo_pulse/fpgaclk_IBUF_BUFG
    SLICE_X4Y133         FDCE                                         r  ultrasonic_Middle/counter_echo_pulse/count_reg[21]/C
                         clock pessimism              0.267    25.283    
                         clock uncertainty           -0.035    25.248    
    SLICE_X4Y133         FDCE (Recov_fdce_C_CLR)     -0.405    24.843    ultrasonic_Middle/counter_echo_pulse/count_reg[21]
  -------------------------------------------------------------------
                         required time                         24.843    
                         arrival time                          -9.915    
  -------------------------------------------------------------------
                         slack                                 14.928    

Slack (MET) :             15.217ns  (required time - arrival time)
  Source:                 ultrasonic_Middle/trigger_generation/trigger_gen/count_reg[3]/C
                            (rising edge-triggered cell FDCE clocked by fpgaclk  {rise@0.000ns fall@10.000ns period=20.000ns})
  Destination:            ultrasonic_Middle/counter_echo_pulse/count_reg[16]/CLR
                            (recovery check against rising-edge clock fpgaclk  {rise@0.000ns fall@10.000ns period=20.000ns})
  Path Group:             **async_default**
  Path Type:              Recovery (Max at Slow Process Corner)
  Requirement:            20.000ns  (fpgaclk rise@20.000ns - fpgaclk rise@0.000ns)
  Data Path Delay:        4.314ns  (logic 0.828ns (19.192%)  route 3.486ns (80.808%))
  Logic Levels:           3  (LUT5=1 LUT6=2)
  Clock Path Skew:        -0.028ns (DCD - SCD + CPR)
    Destination Clock Delay (DCD):    5.015ns = ( 25.015 - 20.000 ) 
    Source Clock Delay      (SCD):    5.310ns
    Clock Pessimism Removal (CPR):    0.267ns
  Clock Uncertainty:      0.035ns  ((TSJ^2 + TIJ^2)^1/2 + DJ) / 2 + PE
    Total System Jitter     (TSJ):    0.071ns
    Total Input Jitter      (TIJ):    0.000ns
    Discrete Jitter          (DJ):    0.000ns
    Phase Error              (PE):    0.000ns

    Location             Delay type                Incr(ns)  Path(ns)    Netlist Resource(s)
  -------------------------------------------------------------------    -------------------
                         (clock fpgaclk rise edge)    0.000     0.000 r  
    W5                                                0.000     0.000 r  fpgaclk (IN)
                         net (fo=0)                   0.000     0.000    fpgaclk
    W5                   IBUF (Prop_ibuf_I_O)         1.458     1.458 r  fpgaclk_IBUF_inst/O
                         net (fo=1, routed)           1.967     3.425    fpgaclk_IBUF
    BUFGCTRL_X0Y0        BUFG (Prop_bufg_I_O)         0.096     3.521 r  fpgaclk_IBUF_BUFG_inst/O
                         net (fo=53, routed)          1.789     5.310    ultrasonic_Middle/trigger_generation/trigger_gen/fpgaclk_IBUF_BUFG
    SLICE_X0Y124         FDCE                                         r  ultrasonic_Middle/trigger_generation/trigger_gen/count_reg[3]/C
  -------------------------------------------------------------------    -------------------
    SLICE_X0Y124         FDCE (Prop_fdce_C_Q)         0.456     5.766 f  ultrasonic_Middle/trigger_generation/trigger_gen/count_reg[3]/Q
                         net (fo=4, routed)           1.345     7.111    ultrasonic_Middle/trigger_generation/trigger_gen/count_reg[3]
    SLICE_X2Y124         LUT6 (Prop_lut6_I1_O)        0.124     7.235 f  ultrasonic_Middle/trigger_generation/trigger_gen/trigger_OBUF_inst_i_7/O
                         net (fo=1, routed)           0.455     7.691    ultrasonic_Middle/trigger_generation/trigger_gen/trigger_OBUF_inst_i_7_n_0
    SLICE_X1Y126         LUT6 (Prop_lut6_I4_O)        0.124     7.815 f  ultrasonic_Middle/trigger_generation/trigger_gen/trigger_OBUF_inst_i_5/O
                         net (fo=1, routed)           0.433     8.248    ultrasonic_Middle/trigger_generation/trigger_gen/trigger_OBUF_inst_i_5_n_0
    SLICE_X1Y126         LUT5 (Prop_lut5_I4_O)        0.124     8.372 f  ultrasonic_Middle/trigger_generation/trigger_gen/trigger_OBUF_inst_i_1/O
                         net (fo=23, routed)          1.253     9.625    ultrasonic_Middle/counter_echo_pulse/count_reg[0]_0
    SLICE_X4Y132         FDCE                                         f  ultrasonic_Middle/counter_echo_pulse/count_reg[16]/CLR
  -------------------------------------------------------------------    -------------------

                         (clock fpgaclk rise edge)   20.000    20.000 r  
    W5                                                0.000    20.000 r  fpgaclk (IN)
                         net (fo=0)                   0.000    20.000    fpgaclk
    W5                   IBUF (Prop_ibuf_I_O)         1.388    21.388 r  fpgaclk_IBUF_inst/O
                         net (fo=1, routed)           1.862    23.250    fpgaclk_IBUF
    BUFGCTRL_X0Y0        BUFG (Prop_bufg_I_O)         0.091    23.341 r  fpgaclk_IBUF_BUFG_inst/O
                         net (fo=53, routed)          1.674    25.015    ultrasonic_Middle/counter_echo_pulse/fpgaclk_IBUF_BUFG
    SLICE_X4Y132         FDCE                                         r  ultrasonic_Middle/counter_echo_pulse/count_reg[16]/C
                         clock pessimism              0.267    25.282    
                         clock uncertainty           -0.035    25.247    
    SLICE_X4Y132         FDCE (Recov_fdce_C_CLR)     -0.405    24.842    ultrasonic_Middle/counter_echo_pulse/count_reg[16]
  -------------------------------------------------------------------
                         required time                         24.842    
                         arrival time                          -9.625    
  -------------------------------------------------------------------
                         slack                                 15.217    

Slack (MET) :             15.217ns  (required time - arrival time)
  Source:                 ultrasonic_Middle/trigger_generation/trigger_gen/count_reg[3]/C
                            (rising edge-triggered cell FDCE clocked by fpgaclk  {rise@0.000ns fall@10.000ns period=20.000ns})
  Destination:            ultrasonic_Middle/counter_echo_pulse/count_reg[17]/CLR
                            (recovery check against rising-edge clock fpgaclk  {rise@0.000ns fall@10.000ns period=20.000ns})
  Path Group:             **async_default**
  Path Type:              Recovery (Max at Slow Process Corner)
  Requirement:            20.000ns  (fpgaclk rise@20.000ns - fpgaclk rise@0.000ns)
  Data Path Delay:        4.314ns  (logic 0.828ns (19.192%)  route 3.486ns (80.808%))
  Logic Levels:           3  (LUT5=1 LUT6=2)
  Clock Path Skew:        -0.028ns (DCD - SCD + CPR)
    Destination Clock Delay (DCD):    5.015ns = ( 25.015 - 20.000 ) 
    Source Clock Delay      (SCD):    5.310ns
    Clock Pessimism Removal (CPR):    0.267ns
  Clock Uncertainty:      0.035ns  ((TSJ^2 + TIJ^2)^1/2 + DJ) / 2 + PE
    Total System Jitter     (TSJ):    0.071ns
    Total Input Jitter      (TIJ):    0.000ns
    Discrete Jitter          (DJ):    0.000ns
    Phase Error              (PE):    0.000ns

    Location             Delay type                Incr(ns)  Path(ns)    Netlist Resource(s)
  -------------------------------------------------------------------    -------------------
                         (clock fpgaclk rise edge)    0.000     0.000 r  
    W5                                                0.000     0.000 r  fpgaclk (IN)
                         net (fo=0)                   0.000     0.000    fpgaclk
    W5                   IBUF (Prop_ibuf_I_O)         1.458     1.458 r  fpgaclk_IBUF_inst/O
                         net (fo=1, routed)           1.967     3.425    fpgaclk_IBUF
    BUFGCTRL_X0Y0        BUFG (Prop_bufg_I_O)         0.096     3.521 r  fpgaclk_IBUF_BUFG_inst/O
                         net (fo=53, routed)          1.789     5.310    ultrasonic_Middle/trigger_generation/trigger_gen/fpgaclk_IBUF_BUFG
    SLICE_X0Y124         FDCE                                         r  ultrasonic_Middle/trigger_generation/trigger_gen/count_reg[3]/C
  -------------------------------------------------------------------    -------------------
    SLICE_X0Y124         FDCE (Prop_fdce_C_Q)         0.456     5.766 f  ultrasonic_Middle/trigger_generation/trigger_gen/count_reg[3]/Q
                         net (fo=4, routed)           1.345     7.111    ultrasonic_Middle/trigger_generation/trigger_gen/count_reg[3]
    SLICE_X2Y124         LUT6 (Prop_lut6_I1_O)        0.124     7.235 f  ultrasonic_Middle/trigger_generation/trigger_gen/trigger_OBUF_inst_i_7/O
                         net (fo=1, routed)           0.455     7.691    ultrasonic_Middle/trigger_generation/trigger_gen/trigger_OBUF_inst_i_7_n_0
    SLICE_X1Y126         LUT6 (Prop_lut6_I4_O)        0.124     7.815 f  ultrasonic_Middle/trigger_generation/trigger_gen/trigger_OBUF_inst_i_5/O
                         net (fo=1, routed)           0.433     8.248    ultrasonic_Middle/trigger_generation/trigger_gen/trigger_OBUF_inst_i_5_n_0
    SLICE_X1Y126         LUT5 (Prop_lut5_I4_O)        0.124     8.372 f  ultrasonic_Middle/trigger_generation/trigger_gen/trigger_OBUF_inst_i_1/O
                         net (fo=23, routed)          1.253     9.625    ultrasonic_Middle/counter_echo_pulse/count_reg[0]_0
    SLICE_X4Y132         FDCE                                         f  ultrasonic_Middle/counter_echo_pulse/count_reg[17]/CLR
  -------------------------------------------------------------------    -------------------

                         (clock fpgaclk rise edge)   20.000    20.000 r  
    W5                                                0.000    20.000 r  fpgaclk (IN)
                         net (fo=0)                   0.000    20.000    fpgaclk
    W5                   IBUF (Prop_ibuf_I_O)         1.388    21.388 r  fpgaclk_IBUF_inst/O
                         net (fo=1, routed)           1.862    23.250    fpgaclk_IBUF
    BUFGCTRL_X0Y0        BUFG (Prop_bufg_I_O)         0.091    23.341 r  fpgaclk_IBUF_BUFG_inst/O
                         net (fo=53, routed)          1.674    25.015    ultrasonic_Middle/counter_echo_pulse/fpgaclk_IBUF_BUFG
    SLICE_X4Y132         FDCE                                         r  ultrasonic_Middle/counter_echo_pulse/count_reg[17]/C
                         clock pessimism              0.267    25.282    
                         clock uncertainty           -0.035    25.247    
    SLICE_X4Y132         FDCE (Recov_fdce_C_CLR)     -0.405    24.842    ultrasonic_Middle/counter_echo_pulse/count_reg[17]
  -------------------------------------------------------------------
                         required time                         24.842    
                         arrival time                          -9.625    
  -------------------------------------------------------------------
                         slack                                 15.217    

Slack (MET) :             15.217ns  (required time - arrival time)
  Source:                 ultrasonic_Middle/trigger_generation/trigger_gen/count_reg[3]/C
                            (rising edge-triggered cell FDCE clocked by fpgaclk  {rise@0.000ns fall@10.000ns period=20.000ns})
  Destination:            ultrasonic_Middle/counter_echo_pulse/count_reg[18]/CLR
                            (recovery check against rising-edge clock fpgaclk  {rise@0.000ns fall@10.000ns period=20.000ns})
  Path Group:             **async_default**
  Path Type:              Recovery (Max at Slow Process Corner)
  Requirement:            20.000ns  (fpgaclk rise@20.000ns - fpgaclk rise@0.000ns)
  Data Path Delay:        4.314ns  (logic 0.828ns (19.192%)  route 3.486ns (80.808%))
  Logic Levels:           3  (LUT5=1 LUT6=2)
  Clock Path Skew:        -0.028ns (DCD - SCD + CPR)
    Destination Clock Delay (DCD):    5.015ns = ( 25.015 - 20.000 ) 
    Source Clock Delay      (SCD):    5.310ns
    Clock Pessimism Removal (CPR):    0.267ns
  Clock Uncertainty:      0.035ns  ((TSJ^2 + TIJ^2)^1/2 + DJ) / 2 + PE
    Total System Jitter     (TSJ):    0.071ns
    Total Input Jitter      (TIJ):    0.000ns
    Discrete Jitter          (DJ):    0.000ns
    Phase Error              (PE):    0.000ns

    Location             Delay type                Incr(ns)  Path(ns)    Netlist Resource(s)
  -------------------------------------------------------------------    -------------------
                         (clock fpgaclk rise edge)    0.000     0.000 r  
    W5                                                0.000     0.000 r  fpgaclk (IN)
                         net (fo=0)                   0.000     0.000    fpgaclk
    W5                   IBUF (Prop_ibuf_I_O)         1.458     1.458 r  fpgaclk_IBUF_inst/O
                         net (fo=1, routed)           1.967     3.425    fpgaclk_IBUF
    BUFGCTRL_X0Y0        BUFG (Prop_bufg_I_O)         0.096     3.521 r  fpgaclk_IBUF_BUFG_inst/O
                         net (fo=53, routed)          1.789     5.310    ultrasonic_Middle/trigger_generation/trigger_gen/fpgaclk_IBUF_BUFG
    SLICE_X0Y124         FDCE                                         r  ultrasonic_Middle/trigger_generation/trigger_gen/count_reg[3]/C
  -------------------------------------------------------------------    -------------------
    SLICE_X0Y124         FDCE (Prop_fdce_C_Q)         0.456     5.766 f  ultrasonic_Middle/trigger_generation/trigger_gen/count_reg[3]/Q
                         net (fo=4, routed)           1.345     7.111    ultrasonic_Middle/trigger_generation/trigger_gen/count_reg[3]
    SLICE_X2Y124         LUT6 (Prop_lut6_I1_O)        0.124     7.235 f  ultrasonic_Middle/trigger_generation/trigger_gen/trigger_OBUF_inst_i_7/O
                         net (fo=1, routed)           0.455     7.691    ultrasonic_Middle/trigger_generation/trigger_gen/trigger_OBUF_inst_i_7_n_0
    SLICE_X1Y126         LUT6 (Prop_lut6_I4_O)        0.124     7.815 f  ultrasonic_Middle/trigger_generation/trigger_gen/trigger_OBUF_inst_i_5/O
                         net (fo=1, routed)           0.433     8.248    ultrasonic_Middle/trigger_generation/trigger_gen/trigger_OBUF_inst_i_5_n_0
    SLICE_X1Y126         LUT5 (Prop_lut5_I4_O)        0.124     8.372 f  ultrasonic_Middle/trigger_generation/trigger_gen/trigger_OBUF_inst_i_1/O
                         net (fo=23, routed)          1.253     9.625    ultrasonic_Middle/counter_echo_pulse/count_reg[0]_0
    SLICE_X4Y132         FDCE                                         f  ultrasonic_Middle/counter_echo_pulse/count_reg[18]/CLR
  -------------------------------------------------------------------    -------------------

                         (clock fpgaclk rise edge)   20.000    20.000 r  
    W5                                                0.000    20.000 r  fpgaclk (IN)
                         net (fo=0)                   0.000    20.000    fpgaclk
    W5                   IBUF (Prop_ibuf_I_O)         1.388    21.388 r  fpgaclk_IBUF_inst/O
                         net (fo=1, routed)           1.862    23.250    fpgaclk_IBUF
    BUFGCTRL_X0Y0        BUFG (Prop_bufg_I_O)         0.091    23.341 r  fpgaclk_IBUF_BUFG_inst/O
                         net (fo=53, routed)          1.674    25.015    ultrasonic_Middle/counter_echo_pulse/fpgaclk_IBUF_BUFG
    SLICE_X4Y132         FDCE                                         r  ultrasonic_Middle/counter_echo_pulse/count_reg[18]/C
                         clock pessimism              0.267    25.282    
                         clock uncertainty           -0.035    25.247    
    SLICE_X4Y132         FDCE (Recov_fdce_C_CLR)     -0.405    24.842    ultrasonic_Middle/counter_echo_pulse/count_reg[18]
  -------------------------------------------------------------------
                         required time                         24.842    
                         arrival time                          -9.625    
  -------------------------------------------------------------------
                         slack                                 15.217    

Slack (MET) :             15.217ns  (required time - arrival time)
  Source:                 ultrasonic_Middle/trigger_generation/trigger_gen/count_reg[3]/C
                            (rising edge-triggered cell FDCE clocked by fpgaclk  {rise@0.000ns fall@10.000ns period=20.000ns})
  Destination:            ultrasonic_Middle/counter_echo_pulse/count_reg[19]/CLR
                            (recovery check against rising-edge clock fpgaclk  {rise@0.000ns fall@10.000ns period=20.000ns})
  Path Group:             **async_default**
  Path Type:              Recovery (Max at Slow Process Corner)
  Requirement:            20.000ns  (fpgaclk rise@20.000ns - fpgaclk rise@0.000ns)
  Data Path Delay:        4.314ns  (logic 0.828ns (19.192%)  route 3.486ns (80.808%))
  Logic Levels:           3  (LUT5=1 LUT6=2)
  Clock Path Skew:        -0.028ns (DCD - SCD + CPR)
    Destination Clock Delay (DCD):    5.015ns = ( 25.015 - 20.000 ) 
    Source Clock Delay      (SCD):    5.310ns
    Clock Pessimism Removal (CPR):    0.267ns
  Clock Uncertainty:      0.035ns  ((TSJ^2 + TIJ^2)^1/2 + DJ) / 2 + PE
    Total System Jitter     (TSJ):    0.071ns
    Total Input Jitter      (TIJ):    0.000ns
    Discrete Jitter          (DJ):    0.000ns
    Phase Error              (PE):    0.000ns

    Location             Delay type                Incr(ns)  Path(ns)    Netlist Resource(s)
  -------------------------------------------------------------------    -------------------
                         (clock fpgaclk rise edge)    0.000     0.000 r  
    W5                                                0.000     0.000 r  fpgaclk (IN)
                         net (fo=0)                   0.000     0.000    fpgaclk
    W5                   IBUF (Prop_ibuf_I_O)         1.458     1.458 r  fpgaclk_IBUF_inst/O
                         net (fo=1, routed)           1.967     3.425    fpgaclk_IBUF
    BUFGCTRL_X0Y0        BUFG (Prop_bufg_I_O)         0.096     3.521 r  fpgaclk_IBUF_BUFG_inst/O
                         net (fo=53, routed)          1.789     5.310    ultrasonic_Middle/trigger_generation/trigger_gen/fpgaclk_IBUF_BUFG
    SLICE_X0Y124         FDCE                                         r  ultrasonic_Middle/trigger_generation/trigger_gen/count_reg[3]/C
  -------------------------------------------------------------------    -------------------
    SLICE_X0Y124         FDCE (Prop_fdce_C_Q)         0.456     5.766 f  ultrasonic_Middle/trigger_generation/trigger_gen/count_reg[3]/Q
                         net (fo=4, routed)           1.345     7.111    ultrasonic_Middle/trigger_generation/trigger_gen/count_reg[3]
    SLICE_X2Y124         LUT6 (Prop_lut6_I1_O)        0.124     7.235 f  ultrasonic_Middle/trigger_generation/trigger_gen/trigger_OBUF_inst_i_7/O
                         net (fo=1, routed)           0.455     7.691    ultrasonic_Middle/trigger_generation/trigger_gen/trigger_OBUF_inst_i_7_n_0
    SLICE_X1Y126         LUT6 (Prop_lut6_I4_O)        0.124     7.815 f  ultrasonic_Middle/trigger_generation/trigger_gen/trigger_OBUF_inst_i_5/O
                         net (fo=1, routed)           0.433     8.248    ultrasonic_Middle/trigger_generation/trigger_gen/trigger_OBUF_inst_i_5_n_0
    SLICE_X1Y126         LUT5 (Prop_lut5_I4_O)        0.124     8.372 f  ultrasonic_Middle/trigger_generation/trigger_gen/trigger_OBUF_inst_i_1/O
                         net (fo=23, routed)          1.253     9.625    ultrasonic_Middle/counter_echo_pulse/count_reg[0]_0
    SLICE_X4Y132         FDCE                                         f  ultrasonic_Middle/counter_echo_pulse/count_reg[19]/CLR
  -------------------------------------------------------------------    -------------------

                         (clock fpgaclk rise edge)   20.000    20.000 r  
    W5                                                0.000    20.000 r  fpgaclk (IN)
                         net (fo=0)                   0.000    20.000    fpgaclk
    W5                   IBUF (Prop_ibuf_I_O)         1.388    21.388 r  fpgaclk_IBUF_inst/O
                         net (fo=1, routed)           1.862    23.250    fpgaclk_IBUF
    BUFGCTRL_X0Y0        BUFG (Prop_bufg_I_O)         0.091    23.341 r  fpgaclk_IBUF_BUFG_inst/O
                         net (fo=53, routed)          1.674    25.015    ultrasonic_Middle/counter_echo_pulse/fpgaclk_IBUF_BUFG
    SLICE_X4Y132         FDCE                                         r  ultrasonic_Middle/counter_echo_pulse/count_reg[19]/C
                         clock pessimism              0.267    25.282    
                         clock uncertainty           -0.035    25.247    
    SLICE_X4Y132         FDCE (Recov_fdce_C_CLR)     -0.405    24.842    ultrasonic_Middle/counter_echo_pulse/count_reg[19]
  -------------------------------------------------------------------
                         required time                         24.842    
                         arrival time                          -9.625    
  -------------------------------------------------------------------
                         slack                                 15.217    

Slack (MET) :             15.364ns  (required time - arrival time)
  Source:                 ultrasonic_Middle/trigger_generation/trigger_gen/count_reg[3]/C
                            (rising edge-triggered cell FDCE clocked by fpgaclk  {rise@0.000ns fall@10.000ns period=20.000ns})
  Destination:            ultrasonic_Middle/counter_echo_pulse/count_reg[12]/CLR
                            (recovery check against rising-edge clock fpgaclk  {rise@0.000ns fall@10.000ns period=20.000ns})
  Path Group:             **async_default**
  Path Type:              Recovery (Max at Slow Process Corner)
  Requirement:            20.000ns  (fpgaclk rise@20.000ns - fpgaclk rise@0.000ns)
  Data Path Delay:        4.166ns  (logic 0.828ns (19.875%)  route 3.338ns (80.125%))
  Logic Levels:           3  (LUT5=1 LUT6=2)
  Clock Path Skew:        -0.030ns (DCD - SCD + CPR)
    Destination Clock Delay (DCD):    5.013ns = ( 25.013 - 20.000 ) 
    Source Clock Delay      (SCD):    5.310ns
    Clock Pessimism Removal (CPR):    0.267ns
  Clock Uncertainty:      0.035ns  ((TSJ^2 + TIJ^2)^1/2 + DJ) / 2 + PE
    Total System Jitter     (TSJ):    0.071ns
    Total Input Jitter      (TIJ):    0.000ns
    Discrete Jitter          (DJ):    0.000ns
    Phase Error              (PE):    0.000ns

    Location             Delay type                Incr(ns)  Path(ns)    Netlist Resource(s)
  -------------------------------------------------------------------    -------------------
                         (clock fpgaclk rise edge)    0.000     0.000 r  
    W5                                                0.000     0.000 r  fpgaclk (IN)
                         net (fo=0)                   0.000     0.000    fpgaclk
    W5                   IBUF (Prop_ibuf_I_O)         1.458     1.458 r  fpgaclk_IBUF_inst/O
                         net (fo=1, routed)           1.967     3.425    fpgaclk_IBUF
    BUFGCTRL_X0Y0        BUFG (Prop_bufg_I_O)         0.096     3.521 r  fpgaclk_IBUF_BUFG_inst/O
                         net (fo=53, routed)          1.789     5.310    ultrasonic_Middle/trigger_generation/trigger_gen/fpgaclk_IBUF_BUFG
    SLICE_X0Y124         FDCE                                         r  ultrasonic_Middle/trigger_generation/trigger_gen/count_reg[3]/C
  -------------------------------------------------------------------    -------------------
    SLICE_X0Y124         FDCE (Prop_fdce_C_Q)         0.456     5.766 f  ultrasonic_Middle/trigger_generation/trigger_gen/count_reg[3]/Q
                         net (fo=4, routed)           1.345     7.111    ultrasonic_Middle/trigger_generation/trigger_gen/count_reg[3]
    SLICE_X2Y124         LUT6 (Prop_lut6_I1_O)        0.124     7.235 f  ultrasonic_Middle/trigger_generation/trigger_gen/trigger_OBUF_inst_i_7/O
                         net (fo=1, routed)           0.455     7.691    ultrasonic_Middle/trigger_generation/trigger_gen/trigger_OBUF_inst_i_7_n_0
    SLICE_X1Y126         LUT6 (Prop_lut6_I4_O)        0.124     7.815 f  ultrasonic_Middle/trigger_generation/trigger_gen/trigger_OBUF_inst_i_5/O
                         net (fo=1, routed)           0.433     8.248    ultrasonic_Middle/trigger_generation/trigger_gen/trigger_OBUF_inst_i_5_n_0
    SLICE_X1Y126         LUT5 (Prop_lut5_I4_O)        0.124     8.372 f  ultrasonic_Middle/trigger_generation/trigger_gen/trigger_OBUF_inst_i_1/O
                         net (fo=23, routed)          1.104     9.476    ultrasonic_Middle/counter_echo_pulse/count_reg[0]_0
    SLICE_X4Y131         FDCE                                         f  ultrasonic_Middle/counter_echo_pulse/count_reg[12]/CLR
  -------------------------------------------------------------------    -------------------

                         (clock fpgaclk rise edge)   20.000    20.000 r  
    W5                                                0.000    20.000 r  fpgaclk (IN)
                         net (fo=0)                   0.000    20.000    fpgaclk
    W5                   IBUF (Prop_ibuf_I_O)         1.388    21.388 r  fpgaclk_IBUF_inst/O
                         net (fo=1, routed)           1.862    23.250    fpgaclk_IBUF
    BUFGCTRL_X0Y0        BUFG (Prop_bufg_I_O)         0.091    23.341 r  fpgaclk_IBUF_BUFG_inst/O
                         net (fo=53, routed)          1.672    25.013    ultrasonic_Middle/counter_echo_pulse/fpgaclk_IBUF_BUFG
    SLICE_X4Y131         FDCE                                         r  ultrasonic_Middle/counter_echo_pulse/count_reg[12]/C
                         clock pessimism              0.267    25.280    
                         clock uncertainty           -0.035    25.245    
    SLICE_X4Y131         FDCE (Recov_fdce_C_CLR)     -0.405    24.840    ultrasonic_Middle/counter_echo_pulse/count_reg[12]
  -------------------------------------------------------------------
                         required time                         24.840    
                         arrival time                          -9.476    
  -------------------------------------------------------------------
                         slack                                 15.364    

Slack (MET) :             15.364ns  (required time - arrival time)
  Source:                 ultrasonic_Middle/trigger_generation/trigger_gen/count_reg[3]/C
                            (rising edge-triggered cell FDCE clocked by fpgaclk  {rise@0.000ns fall@10.000ns period=20.000ns})
  Destination:            ultrasonic_Middle/counter_echo_pulse/count_reg[13]/CLR
                            (recovery check against rising-edge clock fpgaclk  {rise@0.000ns fall@10.000ns period=20.000ns})
  Path Group:             **async_default**
  Path Type:              Recovery (Max at Slow Process Corner)
  Requirement:            20.000ns  (fpgaclk rise@20.000ns - fpgaclk rise@0.000ns)
  Data Path Delay:        4.166ns  (logic 0.828ns (19.875%)  route 3.338ns (80.125%))
  Logic Levels:           3  (LUT5=1 LUT6=2)
  Clock Path Skew:        -0.030ns (DCD - SCD + CPR)
    Destination Clock Delay (DCD):    5.013ns = ( 25.013 - 20.000 ) 
    Source Clock Delay      (SCD):    5.310ns
    Clock Pessimism Removal (CPR):    0.267ns
  Clock Uncertainty:      0.035ns  ((TSJ^2 + TIJ^2)^1/2 + DJ) / 2 + PE
    Total System Jitter     (TSJ):    0.071ns
    Total Input Jitter      (TIJ):    0.000ns
    Discrete Jitter          (DJ):    0.000ns
    Phase Error              (PE):    0.000ns

    Location             Delay type                Incr(ns)  Path(ns)    Netlist Resource(s)
  -------------------------------------------------------------------    -------------------
                         (clock fpgaclk rise edge)    0.000     0.000 r  
    W5                                                0.000     0.000 r  fpgaclk (IN)
                         net (fo=0)                   0.000     0.000    fpgaclk
    W5                   IBUF (Prop_ibuf_I_O)         1.458     1.458 r  fpgaclk_IBUF_inst/O
                         net (fo=1, routed)           1.967     3.425    fpgaclk_IBUF
    BUFGCTRL_X0Y0        BUFG (Prop_bufg_I_O)         0.096     3.521 r  fpgaclk_IBUF_BUFG_inst/O
                         net (fo=53, routed)          1.789     5.310    ultrasonic_Middle/trigger_generation/trigger_gen/fpgaclk_IBUF_BUFG
    SLICE_X0Y124         FDCE                                         r  ultrasonic_Middle/trigger_generation/trigger_gen/count_reg[3]/C
  -------------------------------------------------------------------    -------------------
    SLICE_X0Y124         FDCE (Prop_fdce_C_Q)         0.456     5.766 f  ultrasonic_Middle/trigger_generation/trigger_gen/count_reg[3]/Q
                         net (fo=4, routed)           1.345     7.111    ultrasonic_Middle/trigger_generation/trigger_gen/count_reg[3]
    SLICE_X2Y124         LUT6 (Prop_lut6_I1_O)        0.124     7.235 f  ultrasonic_Middle/trigger_generation/trigger_gen/trigger_OBUF_inst_i_7/O
                         net (fo=1, routed)           0.455     7.691    ultrasonic_Middle/trigger_generation/trigger_gen/trigger_OBUF_inst_i_7_n_0
    SLICE_X1Y126         LUT6 (Prop_lut6_I4_O)        0.124     7.815 f  ultrasonic_Middle/trigger_generation/trigger_gen/trigger_OBUF_inst_i_5/O
                         net (fo=1, routed)           0.433     8.248    ultrasonic_Middle/trigger_generation/trigger_gen/trigger_OBUF_inst_i_5_n_0
    SLICE_X1Y126         LUT5 (Prop_lut5_I4_O)        0.124     8.372 f  ultrasonic_Middle/trigger_generation/trigger_gen/trigger_OBUF_inst_i_1/O
                         net (fo=23, routed)          1.104     9.476    ultrasonic_Middle/counter_echo_pulse/count_reg[0]_0
    SLICE_X4Y131         FDCE                                         f  ultrasonic_Middle/counter_echo_pulse/count_reg[13]/CLR
  -------------------------------------------------------------------    -------------------

                         (clock fpgaclk rise edge)   20.000    20.000 r  
    W5                                                0.000    20.000 r  fpgaclk (IN)
                         net (fo=0)                   0.000    20.000    fpgaclk
    W5                   IBUF (Prop_ibuf_I_O)         1.388    21.388 r  fpgaclk_IBUF_inst/O
                         net (fo=1, routed)           1.862    23.250    fpgaclk_IBUF
    BUFGCTRL_X0Y0        BUFG (Prop_bufg_I_O)         0.091    23.341 r  fpgaclk_IBUF_BUFG_inst/O
                         net (fo=53, routed)          1.672    25.013    ultrasonic_Middle/counter_echo_pulse/fpgaclk_IBUF_BUFG
    SLICE_X4Y131         FDCE                                         r  ultrasonic_Middle/counter_echo_pulse/count_reg[13]/C
                         clock pessimism              0.267    25.280    
                         clock uncertainty           -0.035    25.245    
    SLICE_X4Y131         FDCE (Recov_fdce_C_CLR)     -0.405    24.840    ultrasonic_Middle/counter_echo_pulse/count_reg[13]
  -------------------------------------------------------------------
                         required time                         24.840    
                         arrival time                          -9.476    
  -------------------------------------------------------------------
                         slack                                 15.364    

Slack (MET) :             15.364ns  (required time - arrival time)
  Source:                 ultrasonic_Middle/trigger_generation/trigger_gen/count_reg[3]/C
                            (rising edge-triggered cell FDCE clocked by fpgaclk  {rise@0.000ns fall@10.000ns period=20.000ns})
  Destination:            ultrasonic_Middle/counter_echo_pulse/count_reg[14]/CLR
                            (recovery check against rising-edge clock fpgaclk  {rise@0.000ns fall@10.000ns period=20.000ns})
  Path Group:             **async_default**
  Path Type:              Recovery (Max at Slow Process Corner)
  Requirement:            20.000ns  (fpgaclk rise@20.000ns - fpgaclk rise@0.000ns)
  Data Path Delay:        4.166ns  (logic 0.828ns (19.875%)  route 3.338ns (80.125%))
  Logic Levels:           3  (LUT5=1 LUT6=2)
  Clock Path Skew:        -0.030ns (DCD - SCD + CPR)
    Destination Clock Delay (DCD):    5.013ns = ( 25.013 - 20.000 ) 
    Source Clock Delay      (SCD):    5.310ns
    Clock Pessimism Removal (CPR):    0.267ns
  Clock Uncertainty:      0.035ns  ((TSJ^2 + TIJ^2)^1/2 + DJ) / 2 + PE
    Total System Jitter     (TSJ):    0.071ns
    Total Input Jitter      (TIJ):    0.000ns
    Discrete Jitter          (DJ):    0.000ns
    Phase Error              (PE):    0.000ns

    Location             Delay type                Incr(ns)  Path(ns)    Netlist Resource(s)
  -------------------------------------------------------------------    -------------------
                         (clock fpgaclk rise edge)    0.000     0.000 r  
    W5                                                0.000     0.000 r  fpgaclk (IN)
                         net (fo=0)                   0.000     0.000    fpgaclk
    W5                   IBUF (Prop_ibuf_I_O)         1.458     1.458 r  fpgaclk_IBUF_inst/O
                         net (fo=1, routed)           1.967     3.425    fpgaclk_IBUF
    BUFGCTRL_X0Y0        BUFG (Prop_bufg_I_O)         0.096     3.521 r  fpgaclk_IBUF_BUFG_inst/O
                         net (fo=53, routed)          1.789     5.310    ultrasonic_Middle/trigger_generation/trigger_gen/fpgaclk_IBUF_BUFG
    SLICE_X0Y124         FDCE                                         r  ultrasonic_Middle/trigger_generation/trigger_gen/count_reg[3]/C
  -------------------------------------------------------------------    -------------------
    SLICE_X0Y124         FDCE (Prop_fdce_C_Q)         0.456     5.766 f  ultrasonic_Middle/trigger_generation/trigger_gen/count_reg[3]/Q
                         net (fo=4, routed)           1.345     7.111    ultrasonic_Middle/trigger_generation/trigger_gen/count_reg[3]
    SLICE_X2Y124         LUT6 (Prop_lut6_I1_O)        0.124     7.235 f  ultrasonic_Middle/trigger_generation/trigger_gen/trigger_OBUF_inst_i_7/O
                         net (fo=1, routed)           0.455     7.691    ultrasonic_Middle/trigger_generation/trigger_gen/trigger_OBUF_inst_i_7_n_0
    SLICE_X1Y126         LUT6 (Prop_lut6_I4_O)        0.124     7.815 f  ultrasonic_Middle/trigger_generation/trigger_gen/trigger_OBUF_inst_i_5/O
                         net (fo=1, routed)           0.433     8.248    ultrasonic_Middle/trigger_generation/trigger_gen/trigger_OBUF_inst_i_5_n_0
    SLICE_X1Y126         LUT5 (Prop_lut5_I4_O)        0.124     8.372 f  ultrasonic_Middle/trigger_generation/trigger_gen/trigger_OBUF_inst_i_1/O
                         net (fo=23, routed)          1.104     9.476    ultrasonic_Middle/counter_echo_pulse/count_reg[0]_0
    SLICE_X4Y131         FDCE                                         f  ultrasonic_Middle/counter_echo_pulse/count_reg[14]/CLR
  -------------------------------------------------------------------    -------------------

                         (clock fpgaclk rise edge)   20.000    20.000 r  
    W5                                                0.000    20.000 r  fpgaclk (IN)
                         net (fo=0)                   0.000    20.000    fpgaclk
    W5                   IBUF (Prop_ibuf_I_O)         1.388    21.388 r  fpgaclk_IBUF_inst/O
                         net (fo=1, routed)           1.862    23.250    fpgaclk_IBUF
    BUFGCTRL_X0Y0        BUFG (Prop_bufg_I_O)         0.091    23.341 r  fpgaclk_IBUF_BUFG_inst/O
                         net (fo=53, routed)          1.672    25.013    ultrasonic_Middle/counter_echo_pulse/fpgaclk_IBUF_BUFG
    SLICE_X4Y131         FDCE                                         r  ultrasonic_Middle/counter_echo_pulse/count_reg[14]/C
                         clock pessimism              0.267    25.280    
                         clock uncertainty           -0.035    25.245    
    SLICE_X4Y131         FDCE (Recov_fdce_C_CLR)     -0.405    24.840    ultrasonic_Middle/counter_echo_pulse/count_reg[14]
  -------------------------------------------------------------------
                         required time                         24.840    
                         arrival time                          -9.476    
  -------------------------------------------------------------------
                         slack                                 15.364    

Slack (MET) :             15.364ns  (required time - arrival time)
  Source:                 ultrasonic_Middle/trigger_generation/trigger_gen/count_reg[3]/C
                            (rising edge-triggered cell FDCE clocked by fpgaclk  {rise@0.000ns fall@10.000ns period=20.000ns})
  Destination:            ultrasonic_Middle/counter_echo_pulse/count_reg[15]/CLR
                            (recovery check against rising-edge clock fpgaclk  {rise@0.000ns fall@10.000ns period=20.000ns})
  Path Group:             **async_default**
  Path Type:              Recovery (Max at Slow Process Corner)
  Requirement:            20.000ns  (fpgaclk rise@20.000ns - fpgaclk rise@0.000ns)
  Data Path Delay:        4.166ns  (logic 0.828ns (19.875%)  route 3.338ns (80.125%))
  Logic Levels:           3  (LUT5=1 LUT6=2)
  Clock Path Skew:        -0.030ns (DCD - SCD + CPR)
    Destination Clock Delay (DCD):    5.013ns = ( 25.013 - 20.000 ) 
    Source Clock Delay      (SCD):    5.310ns
    Clock Pessimism Removal (CPR):    0.267ns
  Clock Uncertainty:      0.035ns  ((TSJ^2 + TIJ^2)^1/2 + DJ) / 2 + PE
    Total System Jitter     (TSJ):    0.071ns
    Total Input Jitter      (TIJ):    0.000ns
    Discrete Jitter          (DJ):    0.000ns
    Phase Error              (PE):    0.000ns

    Location             Delay type                Incr(ns)  Path(ns)    Netlist Resource(s)
  -------------------------------------------------------------------    -------------------
                         (clock fpgaclk rise edge)    0.000     0.000 r  
    W5                                                0.000     0.000 r  fpgaclk (IN)
                         net (fo=0)                   0.000     0.000    fpgaclk
    W5                   IBUF (Prop_ibuf_I_O)         1.458     1.458 r  fpgaclk_IBUF_inst/O
                         net (fo=1, routed)           1.967     3.425    fpgaclk_IBUF
    BUFGCTRL_X0Y0        BUFG (Prop_bufg_I_O)         0.096     3.521 r  fpgaclk_IBUF_BUFG_inst/O
                         net (fo=53, routed)          1.789     5.310    ultrasonic_Middle/trigger_generation/trigger_gen/fpgaclk_IBUF_BUFG
    SLICE_X0Y124         FDCE                                         r  ultrasonic_Middle/trigger_generation/trigger_gen/count_reg[3]/C
  -------------------------------------------------------------------    -------------------
    SLICE_X0Y124         FDCE (Prop_fdce_C_Q)         0.456     5.766 f  ultrasonic_Middle/trigger_generation/trigger_gen/count_reg[3]/Q
                         net (fo=4, routed)           1.345     7.111    ultrasonic_Middle/trigger_generation/trigger_gen/count_reg[3]
    SLICE_X2Y124         LUT6 (Prop_lut6_I1_O)        0.124     7.235 f  ultrasonic_Middle/trigger_generation/trigger_gen/trigger_OBUF_inst_i_7/O
                         net (fo=1, routed)           0.455     7.691    ultrasonic_Middle/trigger_generation/trigger_gen/trigger_OBUF_inst_i_7_n_0
    SLICE_X1Y126         LUT6 (Prop_lut6_I4_O)        0.124     7.815 f  ultrasonic_Middle/trigger_generation/trigger_gen/trigger_OBUF_inst_i_5/O
                         net (fo=1, routed)           0.433     8.248    ultrasonic_Middle/trigger_generation/trigger_gen/trigger_OBUF_inst_i_5_n_0
    SLICE_X1Y126         LUT5 (Prop_lut5_I4_O)        0.124     8.372 f  ultrasonic_Middle/trigger_generation/trigger_gen/trigger_OBUF_inst_i_1/O
                         net (fo=23, routed)          1.104     9.476    ultrasonic_Middle/counter_echo_pulse/count_reg[0]_0
    SLICE_X4Y131         FDCE                                         f  ultrasonic_Middle/counter_echo_pulse/count_reg[15]/CLR
  -------------------------------------------------------------------    -------------------

                         (clock fpgaclk rise edge)   20.000    20.000 r  
    W5                                                0.000    20.000 r  fpgaclk (IN)
                         net (fo=0)                   0.000    20.000    fpgaclk
    W5                   IBUF (Prop_ibuf_I_O)         1.388    21.388 r  fpgaclk_IBUF_inst/O
                         net (fo=1, routed)           1.862    23.250    fpgaclk_IBUF
    BUFGCTRL_X0Y0        BUFG (Prop_bufg_I_O)         0.091    23.341 r  fpgaclk_IBUF_BUFG_inst/O
                         net (fo=53, routed)          1.672    25.013    ultrasonic_Middle/counter_echo_pulse/fpgaclk_IBUF_BUFG
    SLICE_X4Y131         FDCE                                         r  ultrasonic_Middle/counter_echo_pulse/count_reg[15]/C
                         clock pessimism              0.267    25.280    
                         clock uncertainty           -0.035    25.245    
    SLICE_X4Y131         FDCE (Recov_fdce_C_CLR)     -0.405    24.840    ultrasonic_Middle/counter_echo_pulse/count_reg[15]
  -------------------------------------------------------------------
                         required time                         24.840    
                         arrival time                          -9.476    
  -------------------------------------------------------------------
                         slack                                 15.364    





Min Delay Paths
--------------------------------------------------------------------------------------
Slack (MET) :             0.595ns  (arrival time - required time)
  Source:                 ultrasonic_Middle/trigger_generation/trigger_gen/count_reg[11]/C
                            (rising edge-triggered cell FDCE clocked by fpgaclk  {rise@0.000ns fall@10.000ns period=20.000ns})
  Destination:            ultrasonic_Middle/counter_echo_pulse/count_reg[0]/CLR
                            (removal check against rising-edge clock fpgaclk  {rise@0.000ns fall@10.000ns period=20.000ns})
  Path Group:             **async_default**
  Path Type:              Removal (Min at Fast Process Corner)
  Requirement:            0.000ns  (fpgaclk rise@0.000ns - fpgaclk rise@0.000ns)
  Data Path Delay:        0.538ns  (logic 0.186ns (34.565%)  route 0.352ns (65.435%))
  Logic Levels:           1  (LUT5=1)
  Clock Path Skew:        0.035ns (DCD - SCD - CPR)
    Destination Clock Delay (DCD):    2.064ns
    Source Clock Delay      (SCD):    1.547ns
    Clock Pessimism Removal (CPR):    0.482ns

    Location             Delay type                Incr(ns)  Path(ns)    Netlist Resource(s)
  -------------------------------------------------------------------    -------------------
                         (clock fpgaclk rise edge)    0.000     0.000 r  
    W5                                                0.000     0.000 r  fpgaclk (IN)
                         net (fo=0)                   0.000     0.000    fpgaclk
    W5                   IBUF (Prop_ibuf_I_O)         0.226     0.226 r  fpgaclk_IBUF_inst/O
                         net (fo=1, routed)           0.631     0.858    fpgaclk_IBUF
    BUFGCTRL_X0Y0        BUFG (Prop_bufg_I_O)         0.026     0.884 r  fpgaclk_IBUF_BUFG_inst/O
                         net (fo=53, routed)          0.663     1.547    ultrasonic_Middle/trigger_generation/trigger_gen/fpgaclk_IBUF_BUFG
    SLICE_X0Y126         FDCE                                         r  ultrasonic_Middle/trigger_generation/trigger_gen/count_reg[11]/C
  -------------------------------------------------------------------    -------------------
    SLICE_X0Y126         FDCE (Prop_fdce_C_Q)         0.141     1.688 f  ultrasonic_Middle/trigger_generation/trigger_gen/count_reg[11]/Q
                         net (fo=3, routed)           0.110     1.797    ultrasonic_Middle/trigger_generation/trigger_gen/count_reg[11]
    SLICE_X1Y126         LUT5 (Prop_lut5_I2_O)        0.045     1.842 f  ultrasonic_Middle/trigger_generation/trigger_gen/trigger_OBUF_inst_i_1/O
                         net (fo=23, routed)          0.243     2.085    ultrasonic_Middle/counter_echo_pulse/count_reg[0]_0
    SLICE_X4Y128         FDCE                                         f  ultrasonic_Middle/counter_echo_pulse/count_reg[0]/CLR
  -------------------------------------------------------------------    -------------------

                         (clock fpgaclk rise edge)    0.000     0.000 r  
    W5                                                0.000     0.000 r  fpgaclk (IN)
                         net (fo=0)                   0.000     0.000    fpgaclk
    W5                   IBUF (Prop_ibuf_I_O)         0.414     0.414 r  fpgaclk_IBUF_inst/O
                         net (fo=1, routed)           0.685     1.099    fpgaclk_IBUF
    BUFGCTRL_X0Y0        BUFG (Prop_bufg_I_O)         0.029     1.128 r  fpgaclk_IBUF_BUFG_inst/O
                         net (fo=53, routed)          0.936     2.064    ultrasonic_Middle/counter_echo_pulse/fpgaclk_IBUF_BUFG
    SLICE_X4Y128         FDCE                                         r  ultrasonic_Middle/counter_echo_pulse/count_reg[0]/C
                         clock pessimism             -0.482     1.582    
    SLICE_X4Y128         FDCE (Remov_fdce_C_CLR)     -0.092     1.490    ultrasonic_Middle/counter_echo_pulse/count_reg[0]
  -------------------------------------------------------------------
                         required time                         -1.490    
                         arrival time                           2.085    
  -------------------------------------------------------------------
                         slack                                  0.595    

Slack (MET) :             0.595ns  (arrival time - required time)
  Source:                 ultrasonic_Middle/trigger_generation/trigger_gen/count_reg[11]/C
                            (rising edge-triggered cell FDCE clocked by fpgaclk  {rise@0.000ns fall@10.000ns period=20.000ns})
  Destination:            ultrasonic_Middle/counter_echo_pulse/count_reg[1]/CLR
                            (removal check against rising-edge clock fpgaclk  {rise@0.000ns fall@10.000ns period=20.000ns})
  Path Group:             **async_default**
  Path Type:              Removal (Min at Fast Process Corner)
  Requirement:            0.000ns  (fpgaclk rise@0.000ns - fpgaclk rise@0.000ns)
  Data Path Delay:        0.538ns  (logic 0.186ns (34.565%)  route 0.352ns (65.435%))
  Logic Levels:           1  (LUT5=1)
  Clock Path Skew:        0.035ns (DCD - SCD - CPR)
    Destination Clock Delay (DCD):    2.064ns
    Source Clock Delay      (SCD):    1.547ns
    Clock Pessimism Removal (CPR):    0.482ns

    Location             Delay type                Incr(ns)  Path(ns)    Netlist Resource(s)
  -------------------------------------------------------------------    -------------------
                         (clock fpgaclk rise edge)    0.000     0.000 r  
    W5                                                0.000     0.000 r  fpgaclk (IN)
                         net (fo=0)                   0.000     0.000    fpgaclk
    W5                   IBUF (Prop_ibuf_I_O)         0.226     0.226 r  fpgaclk_IBUF_inst/O
                         net (fo=1, routed)           0.631     0.858    fpgaclk_IBUF
    BUFGCTRL_X0Y0        BUFG (Prop_bufg_I_O)         0.026     0.884 r  fpgaclk_IBUF_BUFG_inst/O
                         net (fo=53, routed)          0.663     1.547    ultrasonic_Middle/trigger_generation/trigger_gen/fpgaclk_IBUF_BUFG
    SLICE_X0Y126         FDCE                                         r  ultrasonic_Middle/trigger_generation/trigger_gen/count_reg[11]/C
  -------------------------------------------------------------------    -------------------
    SLICE_X0Y126         FDCE (Prop_fdce_C_Q)         0.141     1.688 f  ultrasonic_Middle/trigger_generation/trigger_gen/count_reg[11]/Q
                         net (fo=3, routed)           0.110     1.797    ultrasonic_Middle/trigger_generation/trigger_gen/count_reg[11]
    SLICE_X1Y126         LUT5 (Prop_lut5_I2_O)        0.045     1.842 f  ultrasonic_Middle/trigger_generation/trigger_gen/trigger_OBUF_inst_i_1/O
                         net (fo=23, routed)          0.243     2.085    ultrasonic_Middle/counter_echo_pulse/count_reg[0]_0
    SLICE_X4Y128         FDCE                                         f  ultrasonic_Middle/counter_echo_pulse/count_reg[1]/CLR
  -------------------------------------------------------------------    -------------------

                         (clock fpgaclk rise edge)    0.000     0.000 r  
    W5                                                0.000     0.000 r  fpgaclk (IN)
                         net (fo=0)                   0.000     0.000    fpgaclk
    W5                   IBUF (Prop_ibuf_I_O)         0.414     0.414 r  fpgaclk_IBUF_inst/O
                         net (fo=1, routed)           0.685     1.099    fpgaclk_IBUF
    BUFGCTRL_X0Y0        BUFG (Prop_bufg_I_O)         0.029     1.128 r  fpgaclk_IBUF_BUFG_inst/O
                         net (fo=53, routed)          0.936     2.064    ultrasonic_Middle/counter_echo_pulse/fpgaclk_IBUF_BUFG
    SLICE_X4Y128         FDCE                                         r  ultrasonic_Middle/counter_echo_pulse/count_reg[1]/C
                         clock pessimism             -0.482     1.582    
    SLICE_X4Y128         FDCE (Remov_fdce_C_CLR)     -0.092     1.490    ultrasonic_Middle/counter_echo_pulse/count_reg[1]
  -------------------------------------------------------------------
                         required time                         -1.490    
                         arrival time                           2.085    
  -------------------------------------------------------------------
                         slack                                  0.595    

Slack (MET) :             0.595ns  (arrival time - required time)
  Source:                 ultrasonic_Middle/trigger_generation/trigger_gen/count_reg[11]/C
                            (rising edge-triggered cell FDCE clocked by fpgaclk  {rise@0.000ns fall@10.000ns period=20.000ns})
  Destination:            ultrasonic_Middle/counter_echo_pulse/count_reg[2]/CLR
                            (removal check against rising-edge clock fpgaclk  {rise@0.000ns fall@10.000ns period=20.000ns})
  Path Group:             **async_default**
  Path Type:              Removal (Min at Fast Process Corner)
  Requirement:            0.000ns  (fpgaclk rise@0.000ns - fpgaclk rise@0.000ns)
  Data Path Delay:        0.538ns  (logic 0.186ns (34.565%)  route 0.352ns (65.435%))
  Logic Levels:           1  (LUT5=1)
  Clock Path Skew:        0.035ns (DCD - SCD - CPR)
    Destination Clock Delay (DCD):    2.064ns
    Source Clock Delay      (SCD):    1.547ns
    Clock Pessimism Removal (CPR):    0.482ns

    Location             Delay type                Incr(ns)  Path(ns)    Netlist Resource(s)
  -------------------------------------------------------------------    -------------------
                         (clock fpgaclk rise edge)    0.000     0.000 r  
    W5                                                0.000     0.000 r  fpgaclk (IN)
                         net (fo=0)                   0.000     0.000    fpgaclk
    W5                   IBUF (Prop_ibuf_I_O)         0.226     0.226 r  fpgaclk_IBUF_inst/O
                         net (fo=1, routed)           0.631     0.858    fpgaclk_IBUF
    BUFGCTRL_X0Y0        BUFG (Prop_bufg_I_O)         0.026     0.884 r  fpgaclk_IBUF_BUFG_inst/O
                         net (fo=53, routed)          0.663     1.547    ultrasonic_Middle/trigger_generation/trigger_gen/fpgaclk_IBUF_BUFG
    SLICE_X0Y126         FDCE                                         r  ultrasonic_Middle/trigger_generation/trigger_gen/count_reg[11]/C
  -------------------------------------------------------------------    -------------------
    SLICE_X0Y126         FDCE (Prop_fdce_C_Q)         0.141     1.688 f  ultrasonic_Middle/trigger_generation/trigger_gen/count_reg[11]/Q
                         net (fo=3, routed)           0.110     1.797    ultrasonic_Middle/trigger_generation/trigger_gen/count_reg[11]
    SLICE_X1Y126         LUT5 (Prop_lut5_I2_O)        0.045     1.842 f  ultrasonic_Middle/trigger_generation/trigger_gen/trigger_OBUF_inst_i_1/O
                         net (fo=23, routed)          0.243     2.085    ultrasonic_Middle/counter_echo_pulse/count_reg[0]_0
    SLICE_X4Y128         FDCE                                         f  ultrasonic_Middle/counter_echo_pulse/count_reg[2]/CLR
  -------------------------------------------------------------------    -------------------

                         (clock fpgaclk rise edge)    0.000     0.000 r  
    W5                                                0.000     0.000 r  fpgaclk (IN)
                         net (fo=0)                   0.000     0.000    fpgaclk
    W5                   IBUF (Prop_ibuf_I_O)         0.414     0.414 r  fpgaclk_IBUF_inst/O
                         net (fo=1, routed)           0.685     1.099    fpgaclk_IBUF
    BUFGCTRL_X0Y0        BUFG (Prop_bufg_I_O)         0.029     1.128 r  fpgaclk_IBUF_BUFG_inst/O
                         net (fo=53, routed)          0.936     2.064    ultrasonic_Middle/counter_echo_pulse/fpgaclk_IBUF_BUFG
    SLICE_X4Y128         FDCE                                         r  ultrasonic_Middle/counter_echo_pulse/count_reg[2]/C
                         clock pessimism             -0.482     1.582    
    SLICE_X4Y128         FDCE (Remov_fdce_C_CLR)     -0.092     1.490    ultrasonic_Middle/counter_echo_pulse/count_reg[2]
  -------------------------------------------------------------------
                         required time                         -1.490    
                         arrival time                           2.085    
  -------------------------------------------------------------------
                         slack                                  0.595    

Slack (MET) :             0.595ns  (arrival time - required time)
  Source:                 ultrasonic_Middle/trigger_generation/trigger_gen/count_reg[11]/C
                            (rising edge-triggered cell FDCE clocked by fpgaclk  {rise@0.000ns fall@10.000ns period=20.000ns})
  Destination:            ultrasonic_Middle/counter_echo_pulse/count_reg[3]/CLR
                            (removal check against rising-edge clock fpgaclk  {rise@0.000ns fall@10.000ns period=20.000ns})
  Path Group:             **async_default**
  Path Type:              Removal (Min at Fast Process Corner)
  Requirement:            0.000ns  (fpgaclk rise@0.000ns - fpgaclk rise@0.000ns)
  Data Path Delay:        0.538ns  (logic 0.186ns (34.565%)  route 0.352ns (65.435%))
  Logic Levels:           1  (LUT5=1)
  Clock Path Skew:        0.035ns (DCD - SCD - CPR)
    Destination Clock Delay (DCD):    2.064ns
    Source Clock Delay      (SCD):    1.547ns
    Clock Pessimism Removal (CPR):    0.482ns

    Location             Delay type                Incr(ns)  Path(ns)    Netlist Resource(s)
  -------------------------------------------------------------------    -------------------
                         (clock fpgaclk rise edge)    0.000     0.000 r  
    W5                                                0.000     0.000 r  fpgaclk (IN)
                         net (fo=0)                   0.000     0.000    fpgaclk
    W5                   IBUF (Prop_ibuf_I_O)         0.226     0.226 r  fpgaclk_IBUF_inst/O
                         net (fo=1, routed)           0.631     0.858    fpgaclk_IBUF
    BUFGCTRL_X0Y0        BUFG (Prop_bufg_I_O)         0.026     0.884 r  fpgaclk_IBUF_BUFG_inst/O
                         net (fo=53, routed)          0.663     1.547    ultrasonic_Middle/trigger_generation/trigger_gen/fpgaclk_IBUF_BUFG
    SLICE_X0Y126         FDCE                                         r  ultrasonic_Middle/trigger_generation/trigger_gen/count_reg[11]/C
  -------------------------------------------------------------------    -------------------
    SLICE_X0Y126         FDCE (Prop_fdce_C_Q)         0.141     1.688 f  ultrasonic_Middle/trigger_generation/trigger_gen/count_reg[11]/Q
                         net (fo=3, routed)           0.110     1.797    ultrasonic_Middle/trigger_generation/trigger_gen/count_reg[11]
    SLICE_X1Y126         LUT5 (Prop_lut5_I2_O)        0.045     1.842 f  ultrasonic_Middle/trigger_generation/trigger_gen/trigger_OBUF_inst_i_1/O
                         net (fo=23, routed)          0.243     2.085    ultrasonic_Middle/counter_echo_pulse/count_reg[0]_0
    SLICE_X4Y128         FDCE                                         f  ultrasonic_Middle/counter_echo_pulse/count_reg[3]/CLR
  -------------------------------------------------------------------    -------------------

                         (clock fpgaclk rise edge)    0.000     0.000 r  
    W5                                                0.000     0.000 r  fpgaclk (IN)
                         net (fo=0)                   0.000     0.000    fpgaclk
    W5                   IBUF (Prop_ibuf_I_O)         0.414     0.414 r  fpgaclk_IBUF_inst/O
                         net (fo=1, routed)           0.685     1.099    fpgaclk_IBUF
    BUFGCTRL_X0Y0        BUFG (Prop_bufg_I_O)         0.029     1.128 r  fpgaclk_IBUF_BUFG_inst/O
                         net (fo=53, routed)          0.936     2.064    ultrasonic_Middle/counter_echo_pulse/fpgaclk_IBUF_BUFG
    SLICE_X4Y128         FDCE                                         r  ultrasonic_Middle/counter_echo_pulse/count_reg[3]/C
                         clock pessimism             -0.482     1.582    
    SLICE_X4Y128         FDCE (Remov_fdce_C_CLR)     -0.092     1.490    ultrasonic_Middle/counter_echo_pulse/count_reg[3]
  -------------------------------------------------------------------
                         required time                         -1.490    
                         arrival time                           2.085    
  -------------------------------------------------------------------
                         slack                                  0.595    

Slack (MET) :             0.657ns  (arrival time - required time)
  Source:                 ultrasonic_Middle/trigger_generation/trigger_gen/count_reg[11]/C
                            (rising edge-triggered cell FDCE clocked by fpgaclk  {rise@0.000ns fall@10.000ns period=20.000ns})
  Destination:            ultrasonic_Middle/counter_echo_pulse/count_reg[4]/CLR
                            (removal check against rising-edge clock fpgaclk  {rise@0.000ns fall@10.000ns period=20.000ns})
  Path Group:             **async_default**
  Path Type:              Removal (Min at Fast Process Corner)
  Requirement:            0.000ns  (fpgaclk rise@0.000ns - fpgaclk rise@0.000ns)
  Data Path Delay:        0.601ns  (logic 0.186ns (30.928%)  route 0.415ns (69.072%))
  Logic Levels:           1  (LUT5=1)
  Clock Path Skew:        0.036ns (DCD - SCD - CPR)
    Destination Clock Delay (DCD):    2.065ns
    Source Clock Delay      (SCD):    1.547ns
    Clock Pessimism Removal (CPR):    0.482ns

    Location             Delay type                Incr(ns)  Path(ns)    Netlist Resource(s)
  -------------------------------------------------------------------    -------------------
                         (clock fpgaclk rise edge)    0.000     0.000 r  
    W5                                                0.000     0.000 r  fpgaclk (IN)
                         net (fo=0)                   0.000     0.000    fpgaclk
    W5                   IBUF (Prop_ibuf_I_O)         0.226     0.226 r  fpgaclk_IBUF_inst/O
                         net (fo=1, routed)           0.631     0.858    fpgaclk_IBUF
    BUFGCTRL_X0Y0        BUFG (Prop_bufg_I_O)         0.026     0.884 r  fpgaclk_IBUF_BUFG_inst/O
                         net (fo=53, routed)          0.663     1.547    ultrasonic_Middle/trigger_generation/trigger_gen/fpgaclk_IBUF_BUFG
    SLICE_X0Y126         FDCE                                         r  ultrasonic_Middle/trigger_generation/trigger_gen/count_reg[11]/C
  -------------------------------------------------------------------    -------------------
    SLICE_X0Y126         FDCE (Prop_fdce_C_Q)         0.141     1.688 f  ultrasonic_Middle/trigger_generation/trigger_gen/count_reg[11]/Q
                         net (fo=3, routed)           0.110     1.797    ultrasonic_Middle/trigger_generation/trigger_gen/count_reg[11]
    SLICE_X1Y126         LUT5 (Prop_lut5_I2_O)        0.045     1.842 f  ultrasonic_Middle/trigger_generation/trigger_gen/trigger_OBUF_inst_i_1/O
                         net (fo=23, routed)          0.306     2.148    ultrasonic_Middle/counter_echo_pulse/count_reg[0]_0
    SLICE_X4Y129         FDCE                                         f  ultrasonic_Middle/counter_echo_pulse/count_reg[4]/CLR
  -------------------------------------------------------------------    -------------------

                         (clock fpgaclk rise edge)    0.000     0.000 r  
    W5                                                0.000     0.000 r  fpgaclk (IN)
                         net (fo=0)                   0.000     0.000    fpgaclk
    W5                   IBUF (Prop_ibuf_I_O)         0.414     0.414 r  fpgaclk_IBUF_inst/O
                         net (fo=1, routed)           0.685     1.099    fpgaclk_IBUF
    BUFGCTRL_X0Y0        BUFG (Prop_bufg_I_O)         0.029     1.128 r  fpgaclk_IBUF_BUFG_inst/O
                         net (fo=53, routed)          0.937     2.065    ultrasonic_Middle/counter_echo_pulse/fpgaclk_IBUF_BUFG
    SLICE_X4Y129         FDCE                                         r  ultrasonic_Middle/counter_echo_pulse/count_reg[4]/C
                         clock pessimism             -0.482     1.583    
    SLICE_X4Y129         FDCE (Remov_fdce_C_CLR)     -0.092     1.491    ultrasonic_Middle/counter_echo_pulse/count_reg[4]
  -------------------------------------------------------------------
                         required time                         -1.491    
                         arrival time                           2.148    
  -------------------------------------------------------------------
                         slack                                  0.657    

Slack (MET) :             0.657ns  (arrival time - required time)
  Source:                 ultrasonic_Middle/trigger_generation/trigger_gen/count_reg[11]/C
                            (rising edge-triggered cell FDCE clocked by fpgaclk  {rise@0.000ns fall@10.000ns period=20.000ns})
  Destination:            ultrasonic_Middle/counter_echo_pulse/count_reg[5]/CLR
                            (removal check against rising-edge clock fpgaclk  {rise@0.000ns fall@10.000ns period=20.000ns})
  Path Group:             **async_default**
  Path Type:              Removal (Min at Fast Process Corner)
  Requirement:            0.000ns  (fpgaclk rise@0.000ns - fpgaclk rise@0.000ns)
  Data Path Delay:        0.601ns  (logic 0.186ns (30.928%)  route 0.415ns (69.072%))
  Logic Levels:           1  (LUT5=1)
  Clock Path Skew:        0.036ns (DCD - SCD - CPR)
    Destination Clock Delay (DCD):    2.065ns
    Source Clock Delay      (SCD):    1.547ns
    Clock Pessimism Removal (CPR):    0.482ns

    Location             Delay type                Incr(ns)  Path(ns)    Netlist Resource(s)
  -------------------------------------------------------------------    -------------------
                         (clock fpgaclk rise edge)    0.000     0.000 r  
    W5                                                0.000     0.000 r  fpgaclk (IN)
                         net (fo=0)                   0.000     0.000    fpgaclk
    W5                   IBUF (Prop_ibuf_I_O)         0.226     0.226 r  fpgaclk_IBUF_inst/O
                         net (fo=1, routed)           0.631     0.858    fpgaclk_IBUF
    BUFGCTRL_X0Y0        BUFG (Prop_bufg_I_O)         0.026     0.884 r  fpgaclk_IBUF_BUFG_inst/O
                         net (fo=53, routed)          0.663     1.547    ultrasonic_Middle/trigger_generation/trigger_gen/fpgaclk_IBUF_BUFG
    SLICE_X0Y126         FDCE                                         r  ultrasonic_Middle/trigger_generation/trigger_gen/count_reg[11]/C
  -------------------------------------------------------------------    -------------------
    SLICE_X0Y126         FDCE (Prop_fdce_C_Q)         0.141     1.688 f  ultrasonic_Middle/trigger_generation/trigger_gen/count_reg[11]/Q
                         net (fo=3, routed)           0.110     1.797    ultrasonic_Middle/trigger_generation/trigger_gen/count_reg[11]
    SLICE_X1Y126         LUT5 (Prop_lut5_I2_O)        0.045     1.842 f  ultrasonic_Middle/trigger_generation/trigger_gen/trigger_OBUF_inst_i_1/O
                         net (fo=23, routed)          0.306     2.148    ultrasonic_Middle/counter_echo_pulse/count_reg[0]_0
    SLICE_X4Y129         FDCE                                         f  ultrasonic_Middle/counter_echo_pulse/count_reg[5]/CLR
  -------------------------------------------------------------------    -------------------

                         (clock fpgaclk rise edge)    0.000     0.000 r  
    W5                                                0.000     0.000 r  fpgaclk (IN)
                         net (fo=0)                   0.000     0.000    fpgaclk
    W5                   IBUF (Prop_ibuf_I_O)         0.414     0.414 r  fpgaclk_IBUF_inst/O
                         net (fo=1, routed)           0.685     1.099    fpgaclk_IBUF
    BUFGCTRL_X0Y0        BUFG (Prop_bufg_I_O)         0.029     1.128 r  fpgaclk_IBUF_BUFG_inst/O
                         net (fo=53, routed)          0.937     2.065    ultrasonic_Middle/counter_echo_pulse/fpgaclk_IBUF_BUFG
    SLICE_X4Y129         FDCE                                         r  ultrasonic_Middle/counter_echo_pulse/count_reg[5]/C
                         clock pessimism             -0.482     1.583    
    SLICE_X4Y129         FDCE (Remov_fdce_C_CLR)     -0.092     1.491    ultrasonic_Middle/counter_echo_pulse/count_reg[5]
  -------------------------------------------------------------------
                         required time                         -1.491    
                         arrival time                           2.148    
  -------------------------------------------------------------------
                         slack                                  0.657    

Slack (MET) :             0.657ns  (arrival time - required time)
  Source:                 ultrasonic_Middle/trigger_generation/trigger_gen/count_reg[11]/C
                            (rising edge-triggered cell FDCE clocked by fpgaclk  {rise@0.000ns fall@10.000ns period=20.000ns})
  Destination:            ultrasonic_Middle/counter_echo_pulse/count_reg[6]/CLR
                            (removal check against rising-edge clock fpgaclk  {rise@0.000ns fall@10.000ns period=20.000ns})
  Path Group:             **async_default**
  Path Type:              Removal (Min at Fast Process Corner)
  Requirement:            0.000ns  (fpgaclk rise@0.000ns - fpgaclk rise@0.000ns)
  Data Path Delay:        0.601ns  (logic 0.186ns (30.928%)  route 0.415ns (69.072%))
  Logic Levels:           1  (LUT5=1)
  Clock Path Skew:        0.036ns (DCD - SCD - CPR)
    Destination Clock Delay (DCD):    2.065ns
    Source Clock Delay      (SCD):    1.547ns
    Clock Pessimism Removal (CPR):    0.482ns

    Location             Delay type                Incr(ns)  Path(ns)    Netlist Resource(s)
  -------------------------------------------------------------------    -------------------
                         (clock fpgaclk rise edge)    0.000     0.000 r  
    W5                                                0.000     0.000 r  fpgaclk (IN)
                         net (fo=0)                   0.000     0.000    fpgaclk
    W5                   IBUF (Prop_ibuf_I_O)         0.226     0.226 r  fpgaclk_IBUF_inst/O
                         net (fo=1, routed)           0.631     0.858    fpgaclk_IBUF
    BUFGCTRL_X0Y0        BUFG (Prop_bufg_I_O)         0.026     0.884 r  fpgaclk_IBUF_BUFG_inst/O
                         net (fo=53, routed)          0.663     1.547    ultrasonic_Middle/trigger_generation/trigger_gen/fpgaclk_IBUF_BUFG
    SLICE_X0Y126         FDCE                                         r  ultrasonic_Middle/trigger_generation/trigger_gen/count_reg[11]/C
  -------------------------------------------------------------------    -------------------
    SLICE_X0Y126         FDCE (Prop_fdce_C_Q)         0.141     1.688 f  ultrasonic_Middle/trigger_generation/trigger_gen/count_reg[11]/Q
                         net (fo=3, routed)           0.110     1.797    ultrasonic_Middle/trigger_generation/trigger_gen/count_reg[11]
    SLICE_X1Y126         LUT5 (Prop_lut5_I2_O)        0.045     1.842 f  ultrasonic_Middle/trigger_generation/trigger_gen/trigger_OBUF_inst_i_1/O
                         net (fo=23, routed)          0.306     2.148    ultrasonic_Middle/counter_echo_pulse/count_reg[0]_0
    SLICE_X4Y129         FDCE                                         f  ultrasonic_Middle/counter_echo_pulse/count_reg[6]/CLR
  -------------------------------------------------------------------    -------------------

                         (clock fpgaclk rise edge)    0.000     0.000 r  
    W5                                                0.000     0.000 r  fpgaclk (IN)
                         net (fo=0)                   0.000     0.000    fpgaclk
    W5                   IBUF (Prop_ibuf_I_O)         0.414     0.414 r  fpgaclk_IBUF_inst/O
                         net (fo=1, routed)           0.685     1.099    fpgaclk_IBUF
    BUFGCTRL_X0Y0        BUFG (Prop_bufg_I_O)         0.029     1.128 r  fpgaclk_IBUF_BUFG_inst/O
                         net (fo=53, routed)          0.937     2.065    ultrasonic_Middle/counter_echo_pulse/fpgaclk_IBUF_BUFG
    SLICE_X4Y129         FDCE                                         r  ultrasonic_Middle/counter_echo_pulse/count_reg[6]/C
                         clock pessimism             -0.482     1.583    
    SLICE_X4Y129         FDCE (Remov_fdce_C_CLR)     -0.092     1.491    ultrasonic_Middle/counter_echo_pulse/count_reg[6]
  -------------------------------------------------------------------
                         required time                         -1.491    
                         arrival time                           2.148    
  -------------------------------------------------------------------
                         slack                                  0.657    

Slack (MET) :             0.657ns  (arrival time - required time)
  Source:                 ultrasonic_Middle/trigger_generation/trigger_gen/count_reg[11]/C
                            (rising edge-triggered cell FDCE clocked by fpgaclk  {rise@0.000ns fall@10.000ns period=20.000ns})
  Destination:            ultrasonic_Middle/counter_echo_pulse/count_reg[7]/CLR
                            (removal check against rising-edge clock fpgaclk  {rise@0.000ns fall@10.000ns period=20.000ns})
  Path Group:             **async_default**
  Path Type:              Removal (Min at Fast Process Corner)
  Requirement:            0.000ns  (fpgaclk rise@0.000ns - fpgaclk rise@0.000ns)
  Data Path Delay:        0.601ns  (logic 0.186ns (30.928%)  route 0.415ns (69.072%))
  Logic Levels:           1  (LUT5=1)
  Clock Path Skew:        0.036ns (DCD - SCD - CPR)
    Destination Clock Delay (DCD):    2.065ns
    Source Clock Delay      (SCD):    1.547ns
    Clock Pessimism Removal (CPR):    0.482ns

    Location             Delay type                Incr(ns)  Path(ns)    Netlist Resource(s)
  -------------------------------------------------------------------    -------------------
                         (clock fpgaclk rise edge)    0.000     0.000 r  
    W5                                                0.000     0.000 r  fpgaclk (IN)
                         net (fo=0)                   0.000     0.000    fpgaclk
    W5                   IBUF (Prop_ibuf_I_O)         0.226     0.226 r  fpgaclk_IBUF_inst/O
                         net (fo=1, routed)           0.631     0.858    fpgaclk_IBUF
    BUFGCTRL_X0Y0        BUFG (Prop_bufg_I_O)         0.026     0.884 r  fpgaclk_IBUF_BUFG_inst/O
                         net (fo=53, routed)          0.663     1.547    ultrasonic_Middle/trigger_generation/trigger_gen/fpgaclk_IBUF_BUFG
    SLICE_X0Y126         FDCE                                         r  ultrasonic_Middle/trigger_generation/trigger_gen/count_reg[11]/C
  -------------------------------------------------------------------    -------------------
    SLICE_X0Y126         FDCE (Prop_fdce_C_Q)         0.141     1.688 f  ultrasonic_Middle/trigger_generation/trigger_gen/count_reg[11]/Q
                         net (fo=3, routed)           0.110     1.797    ultrasonic_Middle/trigger_generation/trigger_gen/count_reg[11]
    SLICE_X1Y126         LUT5 (Prop_lut5_I2_O)        0.045     1.842 f  ultrasonic_Middle/trigger_generation/trigger_gen/trigger_OBUF_inst_i_1/O
                         net (fo=23, routed)          0.306     2.148    ultrasonic_Middle/counter_echo_pulse/count_reg[0]_0
    SLICE_X4Y129         FDCE                                         f  ultrasonic_Middle/counter_echo_pulse/count_reg[7]/CLR
  -------------------------------------------------------------------    -------------------

                         (clock fpgaclk rise edge)    0.000     0.000 r  
    W5                                                0.000     0.000 r  fpgaclk (IN)
                         net (fo=0)                   0.000     0.000    fpgaclk
    W5                   IBUF (Prop_ibuf_I_O)         0.414     0.414 r  fpgaclk_IBUF_inst/O
                         net (fo=1, routed)           0.685     1.099    fpgaclk_IBUF
    BUFGCTRL_X0Y0        BUFG (Prop_bufg_I_O)         0.029     1.128 r  fpgaclk_IBUF_BUFG_inst/O
                         net (fo=53, routed)          0.937     2.065    ultrasonic_Middle/counter_echo_pulse/fpgaclk_IBUF_BUFG
    SLICE_X4Y129         FDCE                                         r  ultrasonic_Middle/counter_echo_pulse/count_reg[7]/C
                         clock pessimism             -0.482     1.583    
    SLICE_X4Y129         FDCE (Remov_fdce_C_CLR)     -0.092     1.491    ultrasonic_Middle/counter_echo_pulse/count_reg[7]
  -------------------------------------------------------------------
                         required time                         -1.491    
                         arrival time                           2.148    
  -------------------------------------------------------------------
                         slack                                  0.657    

Slack (MET) :             0.720ns  (arrival time - required time)
  Source:                 ultrasonic_Middle/trigger_generation/trigger_gen/count_reg[11]/C
                            (rising edge-triggered cell FDCE clocked by fpgaclk  {rise@0.000ns fall@10.000ns period=20.000ns})
  Destination:            ultrasonic_Middle/counter_echo_pulse/count_reg[10]/CLR
                            (removal check against rising-edge clock fpgaclk  {rise@0.000ns fall@10.000ns period=20.000ns})
  Path Group:             **async_default**
  Path Type:              Removal (Min at Fast Process Corner)
  Requirement:            0.000ns  (fpgaclk rise@0.000ns - fpgaclk rise@0.000ns)
  Data Path Delay:        0.665ns  (logic 0.186ns (27.983%)  route 0.479ns (72.017%))
  Logic Levels:           1  (LUT5=1)
  Clock Path Skew:        0.037ns (DCD - SCD - CPR)
    Destination Clock Delay (DCD):    2.066ns
    Source Clock Delay      (SCD):    1.547ns
    Clock Pessimism Removal (CPR):    0.482ns

    Location             Delay type                Incr(ns)  Path(ns)    Netlist Resource(s)
  -------------------------------------------------------------------    -------------------
                         (clock fpgaclk rise edge)    0.000     0.000 r  
    W5                                                0.000     0.000 r  fpgaclk (IN)
                         net (fo=0)                   0.000     0.000    fpgaclk
    W5                   IBUF (Prop_ibuf_I_O)         0.226     0.226 r  fpgaclk_IBUF_inst/O
                         net (fo=1, routed)           0.631     0.858    fpgaclk_IBUF
    BUFGCTRL_X0Y0        BUFG (Prop_bufg_I_O)         0.026     0.884 r  fpgaclk_IBUF_BUFG_inst/O
                         net (fo=53, routed)          0.663     1.547    ultrasonic_Middle/trigger_generation/trigger_gen/fpgaclk_IBUF_BUFG
    SLICE_X0Y126         FDCE                                         r  ultrasonic_Middle/trigger_generation/trigger_gen/count_reg[11]/C
  -------------------------------------------------------------------    -------------------
    SLICE_X0Y126         FDCE (Prop_fdce_C_Q)         0.141     1.688 f  ultrasonic_Middle/trigger_generation/trigger_gen/count_reg[11]/Q
                         net (fo=3, routed)           0.110     1.797    ultrasonic_Middle/trigger_generation/trigger_gen/count_reg[11]
    SLICE_X1Y126         LUT5 (Prop_lut5_I2_O)        0.045     1.842 f  ultrasonic_Middle/trigger_generation/trigger_gen/trigger_OBUF_inst_i_1/O
                         net (fo=23, routed)          0.369     2.211    ultrasonic_Middle/counter_echo_pulse/count_reg[0]_0
    SLICE_X4Y130         FDCE                                         f  ultrasonic_Middle/counter_echo_pulse/count_reg[10]/CLR
  -------------------------------------------------------------------    -------------------

                         (clock fpgaclk rise edge)    0.000     0.000 r  
    W5                                                0.000     0.000 r  fpgaclk (IN)
                         net (fo=0)                   0.000     0.000    fpgaclk
    W5                   IBUF (Prop_ibuf_I_O)         0.414     0.414 r  fpgaclk_IBUF_inst/O
                         net (fo=1, routed)           0.685     1.099    fpgaclk_IBUF
    BUFGCTRL_X0Y0        BUFG (Prop_bufg_I_O)         0.029     1.128 r  fpgaclk_IBUF_BUFG_inst/O
                         net (fo=53, routed)          0.938     2.066    ultrasonic_Middle/counter_echo_pulse/fpgaclk_IBUF_BUFG
    SLICE_X4Y130         FDCE                                         r  ultrasonic_Middle/counter_echo_pulse/count_reg[10]/C
                         clock pessimism             -0.482     1.584    
    SLICE_X4Y130         FDCE (Remov_fdce_C_CLR)     -0.092     1.492    ultrasonic_Middle/counter_echo_pulse/count_reg[10]
  -------------------------------------------------------------------
                         required time                         -1.492    
                         arrival time                           2.211    
  -------------------------------------------------------------------
                         slack                                  0.720    

Slack (MET) :             0.720ns  (arrival time - required time)
  Source:                 ultrasonic_Middle/trigger_generation/trigger_gen/count_reg[11]/C
                            (rising edge-triggered cell FDCE clocked by fpgaclk  {rise@0.000ns fall@10.000ns period=20.000ns})
  Destination:            ultrasonic_Middle/counter_echo_pulse/count_reg[11]/CLR
                            (removal check against rising-edge clock fpgaclk  {rise@0.000ns fall@10.000ns period=20.000ns})
  Path Group:             **async_default**
  Path Type:              Removal (Min at Fast Process Corner)
  Requirement:            0.000ns  (fpgaclk rise@0.000ns - fpgaclk rise@0.000ns)
  Data Path Delay:        0.665ns  (logic 0.186ns (27.983%)  route 0.479ns (72.017%))
  Logic Levels:           1  (LUT5=1)
  Clock Path Skew:        0.037ns (DCD - SCD - CPR)
    Destination Clock Delay (DCD):    2.066ns
    Source Clock Delay      (SCD):    1.547ns
    Clock Pessimism Removal (CPR):    0.482ns

    Location             Delay type                Incr(ns)  Path(ns)    Netlist Resource(s)
  -------------------------------------------------------------------    -------------------
                         (clock fpgaclk rise edge)    0.000     0.000 r  
    W5                                                0.000     0.000 r  fpgaclk (IN)
                         net (fo=0)                   0.000     0.000    fpgaclk
    W5                   IBUF (Prop_ibuf_I_O)         0.226     0.226 r  fpgaclk_IBUF_inst/O
                         net (fo=1, routed)           0.631     0.858    fpgaclk_IBUF
    BUFGCTRL_X0Y0        BUFG (Prop_bufg_I_O)         0.026     0.884 r  fpgaclk_IBUF_BUFG_inst/O
                         net (fo=53, routed)          0.663     1.547    ultrasonic_Middle/trigger_generation/trigger_gen/fpgaclk_IBUF_BUFG
    SLICE_X0Y126         FDCE                                         r  ultrasonic_Middle/trigger_generation/trigger_gen/count_reg[11]/C
  -------------------------------------------------------------------    -------------------
    SLICE_X0Y126         FDCE (Prop_fdce_C_Q)         0.141     1.688 f  ultrasonic_Middle/trigger_generation/trigger_gen/count_reg[11]/Q
                         net (fo=3, routed)           0.110     1.797    ultrasonic_Middle/trigger_generation/trigger_gen/count_reg[11]
    SLICE_X1Y126         LUT5 (Prop_lut5_I2_O)        0.045     1.842 f  ultrasonic_Middle/trigger_generation/trigger_gen/trigger_OBUF_inst_i_1/O
                         net (fo=23, routed)          0.369     2.211    ultrasonic_Middle/counter_echo_pulse/count_reg[0]_0
    SLICE_X4Y130         FDCE                                         f  ultrasonic_Middle/counter_echo_pulse/count_reg[11]/CLR
  -------------------------------------------------------------------    -------------------

                         (clock fpgaclk rise edge)    0.000     0.000 r  
    W5                                                0.000     0.000 r  fpgaclk (IN)
                         net (fo=0)                   0.000     0.000    fpgaclk
    W5                   IBUF (Prop_ibuf_I_O)         0.414     0.414 r  fpgaclk_IBUF_inst/O
                         net (fo=1, routed)           0.685     1.099    fpgaclk_IBUF
    BUFGCTRL_X0Y0        BUFG (Prop_bufg_I_O)         0.029     1.128 r  fpgaclk_IBUF_BUFG_inst/O
                         net (fo=53, routed)          0.938     2.066    ultrasonic_Middle/counter_echo_pulse/fpgaclk_IBUF_BUFG
    SLICE_X4Y130         FDCE                                         r  ultrasonic_Middle/counter_echo_pulse/count_reg[11]/C
                         clock pessimism             -0.482     1.584    
    SLICE_X4Y130         FDCE (Remov_fdce_C_CLR)     -0.092     1.492    ultrasonic_Middle/counter_echo_pulse/count_reg[11]
  -------------------------------------------------------------------
                         required time                         -1.492    
                         arrival time                           2.211    
  -------------------------------------------------------------------
                         slack                                  0.720    





--------------------------------------------------------------------------------------
Path Group:  (none)
From Clock:  
  To Clock:  

Max Delay            22 Endpoints
Min Delay            22 Endpoints
--------------------------------------------------------------------------------------


Max Delay Paths
--------------------------------------------------------------------------------------
Slack:                    inf
  Source:                 PWM1/pwm_sig_reg/G
                            (positive level-sensitive latch)
  Destination:            Motor_L_pwm
                            (output port)
  Path Group:             (none)
  Path Type:              Max at Slow Process Corner
  Data Path Delay:        6.560ns  (logic 4.145ns (63.187%)  route 2.415ns (36.813%))
  Logic Levels:           2  (LDPE=1 OBUF=1)

    Location             Delay type                Incr(ns)  Path(ns)    Netlist Resource(s)
  -------------------------------------------------------------------    -------------------
    SLICE_X2Y129         LDPE                         0.000     0.000 r  PWM1/pwm_sig_reg/G
    SLICE_X2Y129         LDPE (EnToQ_ldpe_G_Q)        0.625     0.625 r  PWM1/pwm_sig_reg/Q
                         net (fo=2, routed)           2.415     3.040    Motor_R_pwm_OBUF
    A14                  OBUF (Prop_obuf_I_O)         3.520     6.560 r  Motor_L_pwm_OBUF_inst/O
                         net (fo=0)                   0.000     6.560    Motor_L_pwm
    A14                                                               r  Motor_L_pwm (OUT)
  -------------------------------------------------------------------    -------------------

Slack:                    inf
  Source:                 Motor_L_in_1_reg/G
                            (positive level-sensitive latch)
  Destination:            Motor_L_in_1
                            (output port)
  Path Group:             (none)
  Path Type:              Max at Slow Process Corner
  Data Path Delay:        6.170ns  (logic 4.311ns (69.869%)  route 1.859ns (30.131%))
  Logic Levels:           2  (LDCE=1 OBUF=1)

    Location             Delay type                Incr(ns)  Path(ns)    Netlist Resource(s)
  -------------------------------------------------------------------    -------------------
    SLICE_X5Y132         LDCE                         0.000     0.000 r  Motor_L_in_1_reg/G
    SLICE_X5Y132         LDCE (EnToQ_ldce_G_Q)        0.808     0.808 r  Motor_L_in_1_reg/Q
                         net (fo=1, routed)           1.859     2.667    Motor_L_in_1_OBUF
    A15                  OBUF (Prop_obuf_I_O)         3.503     6.170 r  Motor_L_in_1_OBUF_inst/O
                         net (fo=0)                   0.000     6.170    Motor_L_in_1
    A15                                                               r  Motor_L_in_1 (OUT)
  -------------------------------------------------------------------    -------------------

Slack:                    inf
  Source:                 PWM1/pwm_sig_reg/G
                            (positive level-sensitive latch)
  Destination:            Motor_R_pwm
                            (output port)
  Path Group:             (none)
  Path Type:              Max at Slow Process Corner
  Data Path Delay:        6.017ns  (logic 4.133ns (68.694%)  route 1.884ns (31.306%))
  Logic Levels:           2  (LDPE=1 OBUF=1)

    Location             Delay type                Incr(ns)  Path(ns)    Netlist Resource(s)
  -------------------------------------------------------------------    -------------------
    SLICE_X2Y129         LDPE                         0.000     0.000 r  PWM1/pwm_sig_reg/G
    SLICE_X2Y129         LDPE (EnToQ_ldpe_G_Q)        0.625     0.625 r  PWM1/pwm_sig_reg/Q
                         net (fo=2, routed)           1.884     2.509    Motor_R_pwm_OBUF
    A17                  OBUF (Prop_obuf_I_O)         3.508     6.017 r  Motor_R_pwm_OBUF_inst/O
                         net (fo=0)                   0.000     6.017    Motor_R_pwm
    A17                                                               r  Motor_R_pwm (OUT)
  -------------------------------------------------------------------    -------------------

Slack:                    inf
  Source:                 Motor_L_in_2_reg/G
                            (positive level-sensitive latch)
  Destination:            Motor_L_in_2
                            (output port)
  Path Group:             (none)
  Path Type:              Max at Slow Process Corner
  Data Path Delay:        5.988ns  (logic 4.320ns (72.138%)  route 1.668ns (27.862%))
  Logic Levels:           2  (LDPE=1 OBUF=1)

    Location             Delay type                Incr(ns)  Path(ns)    Netlist Resource(s)
  -------------------------------------------------------------------    -------------------
    SLICE_X1Y125         LDPE                         0.000     0.000 r  Motor_L_in_2_reg/G
    SLICE_X1Y125         LDPE (EnToQ_ldpe_G_Q)        0.808     0.808 r  Motor_L_in_2_reg/Q
                         net (fo=1, routed)           1.668     2.476    Motor_L_in_2_OBUF
    A16                  OBUF (Prop_obuf_I_O)         3.512     5.988 r  Motor_L_in_2_OBUF_inst/O
                         net (fo=0)                   0.000     5.988    Motor_L_in_2
    A16                                                               r  Motor_L_in_2 (OUT)
  -------------------------------------------------------------------    -------------------

Slack:                    inf
  Source:                 Motor_R_in_4_reg/L7/G
                            (positive level-sensitive latch)
  Destination:            Motor_R_in_4
                            (output port)
  Path Group:             (none)
  Path Type:              Max at Slow Process Corner
  Data Path Delay:        5.733ns  (logic 4.062ns (70.861%)  route 1.670ns (29.139%))
  Logic Levels:           2  (LDCE=1 OBUF=1)

    Location             Delay type                Incr(ns)  Path(ns)    Netlist Resource(s)
  -------------------------------------------------------------------    -------------------
    SLICE_X1Y124         LDCE                         0.000     0.000 r  Motor_R_in_4_reg/L7/G
    SLICE_X1Y124         LDCE (EnToQ_ldce_G_Q)        0.559     0.559 r  Motor_R_in_4_reg/L7/Q
                         net (fo=1, routed)           1.670     2.229    Motor_R_in_4_OBUF
    B16                  OBUF (Prop_obuf_I_O)         3.503     5.733 r  Motor_R_in_4_OBUF_inst/O
                         net (fo=0)                   0.000     5.733    Motor_R_in_4
    B16                                                               r  Motor_R_in_4 (OUT)
  -------------------------------------------------------------------    -------------------

Slack:                    inf
  Source:                 PWM1/count_reg[3]/C
                            (rising edge-triggered cell FDRE)
  Destination:            PWM1/count_reg[4]/R
  Path Group:             (none)
  Path Type:              Max at Slow Process Corner
  Data Path Delay:        2.707ns  (logic 0.934ns (34.501%)  route 1.773ns (65.499%))
  Logic Levels:           3  (FDRE=1 LUT3=1 LUT6=1)

    Location             Delay type                Incr(ns)  Path(ns)    Netlist Resource(s)
  -------------------------------------------------------------------    -------------------
    SLICE_X3Y130         FDRE                         0.000     0.000 r  PWM1/count_reg[3]/C
    SLICE_X3Y130         FDRE (Prop_fdre_C_Q)         0.456     0.456 f  PWM1/count_reg[3]/Q
                         net (fo=3, routed)           0.833     1.289    PWM1/count_reg[3]
    SLICE_X2Y129         LUT3 (Prop_lut3_I1_O)        0.150     1.439 f  PWM1/count[0]_i_3__0/O
                         net (fo=1, routed)           0.452     1.892    PWM1/count[0]_i_3__0_n_0
    SLICE_X2Y129         LUT6 (Prop_lut6_I5_O)        0.328     2.220 r  PWM1/count[0]_i_1/O
                         net (fo=8, routed)           0.488     2.707    PWM1/clear
    SLICE_X3Y131         FDRE                                         r  PWM1/count_reg[4]/R
  -------------------------------------------------------------------    -------------------

Slack:                    inf
  Source:                 PWM1/count_reg[3]/C
                            (rising edge-triggered cell FDRE)
  Destination:            PWM1/count_reg[5]/R
  Path Group:             (none)
  Path Type:              Max at Slow Process Corner
  Data Path Delay:        2.707ns  (logic 0.934ns (34.501%)  route 1.773ns (65.499%))
  Logic Levels:           3  (FDRE=1 LUT3=1 LUT6=1)

    Location             Delay type                Incr(ns)  Path(ns)    Netlist Resource(s)
  -------------------------------------------------------------------    -------------------
    SLICE_X3Y130         FDRE                         0.000     0.000 r  PWM1/count_reg[3]/C
    SLICE_X3Y130         FDRE (Prop_fdre_C_Q)         0.456     0.456 f  PWM1/count_reg[3]/Q
                         net (fo=3, routed)           0.833     1.289    PWM1/count_reg[3]
    SLICE_X2Y129         LUT3 (Prop_lut3_I1_O)        0.150     1.439 f  PWM1/count[0]_i_3__0/O
                         net (fo=1, routed)           0.452     1.892    PWM1/count[0]_i_3__0_n_0
    SLICE_X2Y129         LUT6 (Prop_lut6_I5_O)        0.328     2.220 r  PWM1/count[0]_i_1/O
                         net (fo=8, routed)           0.488     2.707    PWM1/clear
    SLICE_X3Y131         FDRE                                         r  PWM1/count_reg[5]/R
  -------------------------------------------------------------------    -------------------

Slack:                    inf
  Source:                 PWM1/count_reg[3]/C
                            (rising edge-triggered cell FDRE)
  Destination:            PWM1/count_reg[6]/R
  Path Group:             (none)
  Path Type:              Max at Slow Process Corner
  Data Path Delay:        2.707ns  (logic 0.934ns (34.501%)  route 1.773ns (65.499%))
  Logic Levels:           3  (FDRE=1 LUT3=1 LUT6=1)

    Location             Delay type                Incr(ns)  Path(ns)    Netlist Resource(s)
  -------------------------------------------------------------------    -------------------
    SLICE_X3Y130         FDRE                         0.000     0.000 r  PWM1/count_reg[3]/C
    SLICE_X3Y130         FDRE (Prop_fdre_C_Q)         0.456     0.456 f  PWM1/count_reg[3]/Q
                         net (fo=3, routed)           0.833     1.289    PWM1/count_reg[3]
    SLICE_X2Y129         LUT3 (Prop_lut3_I1_O)        0.150     1.439 f  PWM1/count[0]_i_3__0/O
                         net (fo=1, routed)           0.452     1.892    PWM1/count[0]_i_3__0_n_0
    SLICE_X2Y129         LUT6 (Prop_lut6_I5_O)        0.328     2.220 r  PWM1/count[0]_i_1/O
                         net (fo=8, routed)           0.488     2.707    PWM1/clear
    SLICE_X3Y131         FDRE                                         r  PWM1/count_reg[6]/R
  -------------------------------------------------------------------    -------------------

Slack:                    inf
  Source:                 PWM1/count_reg[3]/C
                            (rising edge-triggered cell FDRE)
  Destination:            PWM1/count_reg[7]/R
  Path Group:             (none)
  Path Type:              Max at Slow Process Corner
  Data Path Delay:        2.707ns  (logic 0.934ns (34.501%)  route 1.773ns (65.499%))
  Logic Levels:           3  (FDRE=1 LUT3=1 LUT6=1)

    Location             Delay type                Incr(ns)  Path(ns)    Netlist Resource(s)
  -------------------------------------------------------------------    -------------------
    SLICE_X3Y130         FDRE                         0.000     0.000 r  PWM1/count_reg[3]/C
    SLICE_X3Y130         FDRE (Prop_fdre_C_Q)         0.456     0.456 f  PWM1/count_reg[3]/Q
                         net (fo=3, routed)           0.833     1.289    PWM1/count_reg[3]
    SLICE_X2Y129         LUT3 (Prop_lut3_I1_O)        0.150     1.439 f  PWM1/count[0]_i_3__0/O
                         net (fo=1, routed)           0.452     1.892    PWM1/count[0]_i_3__0_n_0
    SLICE_X2Y129         LUT6 (Prop_lut6_I5_O)        0.328     2.220 r  PWM1/count[0]_i_1/O
                         net (fo=8, routed)           0.488     2.707    PWM1/clear
    SLICE_X3Y131         FDRE                                         r  PWM1/count_reg[7]/R
  -------------------------------------------------------------------    -------------------

Slack:                    inf
  Source:                 PWM1/count_reg[3]/C
                            (rising edge-triggered cell FDRE)
  Destination:            PWM1/count_reg[0]/R
  Path Group:             (none)
  Path Type:              Max at Slow Process Corner
  Data Path Delay:        2.569ns  (logic 0.934ns (36.360%)  route 1.635ns (63.640%))
  Logic Levels:           3  (FDRE=1 LUT3=1 LUT6=1)

    Location             Delay type                Incr(ns)  Path(ns)    Netlist Resource(s)
  -------------------------------------------------------------------    -------------------
    SLICE_X3Y130         FDRE                         0.000     0.000 r  PWM1/count_reg[3]/C
    SLICE_X3Y130         FDRE (Prop_fdre_C_Q)         0.456     0.456 f  PWM1/count_reg[3]/Q
                         net (fo=3, routed)           0.833     1.289    PWM1/count_reg[3]
    SLICE_X2Y129         LUT3 (Prop_lut3_I1_O)        0.150     1.439 f  PWM1/count[0]_i_3__0/O
                         net (fo=1, routed)           0.452     1.892    PWM1/count[0]_i_3__0_n_0
    SLICE_X2Y129         LUT6 (Prop_lut6_I5_O)        0.328     2.220 r  PWM1/count[0]_i_1/O
                         net (fo=8, routed)           0.349     2.569    PWM1/clear
    SLICE_X3Y130         FDRE                                         r  PWM1/count_reg[0]/R
  -------------------------------------------------------------------    -------------------





Min Delay Paths
--------------------------------------------------------------------------------------
Slack:                    inf
  Source:                 PWM1/count_reg[7]/C
                            (rising edge-triggered cell FDRE)
  Destination:            PWM1/count_reg[7]/D
  Path Group:             (none)
  Path Type:              Min at Fast Process Corner
  Data Path Delay:        0.367ns  (logic 0.249ns (67.829%)  route 0.118ns (32.171%))
  Logic Levels:           2  (CARRY4=1 FDRE=1)

    Location             Delay type                Incr(ns)  Path(ns)    Netlist Resource(s)
  -------------------------------------------------------------------    -------------------
    SLICE_X3Y131         FDRE                         0.000     0.000 r  PWM1/count_reg[7]/C
    SLICE_X3Y131         FDRE (Prop_fdre_C_Q)         0.141     0.141 r  PWM1/count_reg[7]/Q
                         net (fo=4, routed)           0.118     0.259    PWM1/count_reg[7]
    SLICE_X3Y131         CARRY4 (Prop_carry4_S[3]_O[3])
                                                      0.108     0.367 r  PWM1/count_reg[4]_i_1/O[3]
                         net (fo=1, routed)           0.000     0.367    PWM1/count_reg[4]_i_1_n_4
    SLICE_X3Y131         FDRE                                         r  PWM1/count_reg[7]/D
  -------------------------------------------------------------------    -------------------

Slack:                    inf
  Source:                 PWM1/count_reg[3]/C
                            (rising edge-triggered cell FDRE)
  Destination:            PWM1/count_reg[3]/D
  Path Group:             (none)
  Path Type:              Min at Fast Process Corner
  Data Path Delay:        0.369ns  (logic 0.249ns (67.424%)  route 0.120ns (32.576%))
  Logic Levels:           2  (CARRY4=1 FDRE=1)

    Location             Delay type                Incr(ns)  Path(ns)    Netlist Resource(s)
  -------------------------------------------------------------------    -------------------
    SLICE_X3Y130         FDRE                         0.000     0.000 r  PWM1/count_reg[3]/C
    SLICE_X3Y130         FDRE (Prop_fdre_C_Q)         0.141     0.141 r  PWM1/count_reg[3]/Q
                         net (fo=3, routed)           0.120     0.261    PWM1/count_reg[3]
    SLICE_X3Y130         CARRY4 (Prop_carry4_S[3]_O[3])
                                                      0.108     0.369 r  PWM1/count_reg[0]_i_2/O[3]
                         net (fo=1, routed)           0.000     0.369    PWM1/count_reg[0]_i_2_n_4
    SLICE_X3Y130         FDRE                                         r  PWM1/count_reg[3]/D
  -------------------------------------------------------------------    -------------------

Slack:                    inf
  Source:                 PWM1/count_reg[4]/C
                            (rising edge-triggered cell FDRE)
  Destination:            PWM1/count_reg[4]/D
  Path Group:             (none)
  Path Type:              Min at Fast Process Corner
  Data Path Delay:        0.373ns  (logic 0.256ns (68.576%)  route 0.117ns (31.424%))
  Logic Levels:           2  (CARRY4=1 FDRE=1)

    Location             Delay type                Incr(ns)  Path(ns)    Netlist Resource(s)
  -------------------------------------------------------------------    -------------------
    SLICE_X3Y131         FDRE                         0.000     0.000 r  PWM1/count_reg[4]/C
    SLICE_X3Y131         FDRE (Prop_fdre_C_Q)         0.141     0.141 r  PWM1/count_reg[4]/Q
                         net (fo=3, routed)           0.117     0.258    PWM1/count_reg[4]
    SLICE_X3Y131         CARRY4 (Prop_carry4_S[0]_O[0])
                                                      0.115     0.373 r  PWM1/count_reg[4]_i_1/O[0]
                         net (fo=1, routed)           0.000     0.373    PWM1/count_reg[4]_i_1_n_7
    SLICE_X3Y131         FDRE                                         r  PWM1/count_reg[4]/D
  -------------------------------------------------------------------    -------------------

Slack:                    inf
  Source:                 PWM1/count_reg[2]/C
                            (rising edge-triggered cell FDRE)
  Destination:            PWM1/count_reg[2]/D
  Path Group:             (none)
  Path Type:              Min at Fast Process Corner
  Data Path Delay:        0.374ns  (logic 0.252ns (67.467%)  route 0.122ns (32.533%))
  Logic Levels:           2  (CARRY4=1 FDRE=1)

    Location             Delay type                Incr(ns)  Path(ns)    Netlist Resource(s)
  -------------------------------------------------------------------    -------------------
    SLICE_X3Y130         FDRE                         0.000     0.000 r  PWM1/count_reg[2]/C
    SLICE_X3Y130         FDRE (Prop_fdre_C_Q)         0.141     0.141 r  PWM1/count_reg[2]/Q
                         net (fo=3, routed)           0.122     0.263    PWM1/count_reg[2]
    SLICE_X3Y130         CARRY4 (Prop_carry4_S[2]_O[2])
                                                      0.111     0.374 r  PWM1/count_reg[0]_i_2/O[2]
                         net (fo=1, routed)           0.000     0.374    PWM1/count_reg[0]_i_2_n_5
    SLICE_X3Y130         FDRE                                         r  PWM1/count_reg[2]/D
  -------------------------------------------------------------------    -------------------

Slack:                    inf
  Source:                 PWM1/count_reg[6]/C
                            (rising edge-triggered cell FDRE)
  Destination:            PWM1/count_reg[6]/D
  Path Group:             (none)
  Path Type:              Min at Fast Process Corner
  Data Path Delay:        0.374ns  (logic 0.252ns (67.456%)  route 0.122ns (32.544%))
  Logic Levels:           2  (CARRY4=1 FDRE=1)

    Location             Delay type                Incr(ns)  Path(ns)    Netlist Resource(s)
  -------------------------------------------------------------------    -------------------
    SLICE_X3Y131         FDRE                         0.000     0.000 r  PWM1/count_reg[6]/C
    SLICE_X3Y131         FDRE (Prop_fdre_C_Q)         0.141     0.141 r  PWM1/count_reg[6]/Q
                         net (fo=4, routed)           0.122     0.263    PWM1/count_reg[6]
    SLICE_X3Y131         CARRY4 (Prop_carry4_S[2]_O[2])
                                                      0.111     0.374 r  PWM1/count_reg[4]_i_1/O[2]
                         net (fo=1, routed)           0.000     0.374    PWM1/count_reg[4]_i_1_n_5
    SLICE_X3Y131         FDRE                                         r  PWM1/count_reg[6]/D
  -------------------------------------------------------------------    -------------------

Slack:                    inf
  Source:                 PWM1/count_reg[4]/C
                            (rising edge-triggered cell FDRE)
  Destination:            PWM1/count_reg[5]/D
  Path Group:             (none)
  Path Type:              Min at Fast Process Corner
  Data Path Delay:        0.409ns  (logic 0.292ns (71.340%)  route 0.117ns (28.660%))
  Logic Levels:           2  (CARRY4=1 FDRE=1)

    Location             Delay type                Incr(ns)  Path(ns)    Netlist Resource(s)
  -------------------------------------------------------------------    -------------------
    SLICE_X3Y131         FDRE                         0.000     0.000 r  PWM1/count_reg[4]/C
    SLICE_X3Y131         FDRE (Prop_fdre_C_Q)         0.141     0.141 r  PWM1/count_reg[4]/Q
                         net (fo=3, routed)           0.117     0.258    PWM1/count_reg[4]
    SLICE_X3Y131         CARRY4 (Prop_carry4_S[0]_O[1])
                                                      0.151     0.409 r  PWM1/count_reg[4]_i_1/O[1]
                         net (fo=1, routed)           0.000     0.409    PWM1/count_reg[4]_i_1_n_6
    SLICE_X3Y131         FDRE                                         r  PWM1/count_reg[5]/D
  -------------------------------------------------------------------    -------------------

Slack:                    inf
  Source:                 PWM1/count_reg[0]/C
                            (rising edge-triggered cell FDRE)
  Destination:            PWM1/count_reg[0]/D
  Path Group:             (none)
  Path Type:              Min at Fast Process Corner
  Data Path Delay:        0.424ns  (logic 0.256ns (60.343%)  route 0.168ns (39.657%))
  Logic Levels:           3  (CARRY4=1 FDRE=1 LUT1=1)

    Location             Delay type                Incr(ns)  Path(ns)    Netlist Resource(s)
  -------------------------------------------------------------------    -------------------
    SLICE_X3Y130         FDRE                         0.000     0.000 r  PWM1/count_reg[0]/C
    SLICE_X3Y130         FDRE (Prop_fdre_C_Q)         0.141     0.141 f  PWM1/count_reg[0]/Q
                         net (fo=3, routed)           0.168     0.309    PWM1/count_reg[0]
    SLICE_X3Y130         LUT1 (Prop_lut1_I0_O)        0.045     0.354 r  PWM1/count[0]_i_4/O
                         net (fo=1, routed)           0.000     0.354    PWM1/count[0]_i_4_n_0
    SLICE_X3Y130         CARRY4 (Prop_carry4_S[0]_O[0])
                                                      0.070     0.424 r  PWM1/count_reg[0]_i_2/O[0]
                         net (fo=1, routed)           0.000     0.424    PWM1/count_reg[0]_i_2_n_7
    SLICE_X3Y130         FDRE                                         r  PWM1/count_reg[0]/D
  -------------------------------------------------------------------    -------------------

Slack:                    inf
  Source:                 PWM1/count_reg[1]/C
                            (rising edge-triggered cell FDRE)
  Destination:            PWM1/count_reg[1]/D
  Path Group:             (none)
  Path Type:              Min at Fast Process Corner
  Data Path Delay:        0.439ns  (logic 0.251ns (57.238%)  route 0.188ns (42.762%))
  Logic Levels:           2  (CARRY4=1 FDRE=1)

    Location             Delay type                Incr(ns)  Path(ns)    Netlist Resource(s)
  -------------------------------------------------------------------    -------------------
    SLICE_X3Y130         FDRE                         0.000     0.000 r  PWM1/count_reg[1]/C
    SLICE_X3Y130         FDRE (Prop_fdre_C_Q)         0.141     0.141 r  PWM1/count_reg[1]/Q
                         net (fo=3, routed)           0.188     0.329    PWM1/count_reg[1]
    SLICE_X3Y130         CARRY4 (Prop_carry4_S[1]_O[1])
                                                      0.110     0.439 r  PWM1/count_reg[0]_i_2/O[1]
                         net (fo=1, routed)           0.000     0.439    PWM1/count_reg[0]_i_2_n_6
    SLICE_X3Y130         FDRE                                         r  PWM1/count_reg[1]/D
  -------------------------------------------------------------------    -------------------

Slack:                    inf
  Source:                 PWM1/count_reg[0]/C
                            (rising edge-triggered cell FDRE)
  Destination:            PWM1/count_reg[0]/R
  Path Group:             (none)
  Path Type:              Min at Fast Process Corner
  Data Path Delay:        0.442ns  (logic 0.186ns (42.128%)  route 0.256ns (57.872%))
  Logic Levels:           2  (FDRE=1 LUT6=1)

    Location             Delay type                Incr(ns)  Path(ns)    Netlist Resource(s)
  -------------------------------------------------------------------    -------------------
    SLICE_X3Y130         FDRE                         0.000     0.000 r  PWM1/count_reg[0]/C
    SLICE_X3Y130         FDRE (Prop_fdre_C_Q)         0.141     0.141 f  PWM1/count_reg[0]/Q
                         net (fo=3, routed)           0.130     0.271    PWM1/count_reg[0]
    SLICE_X2Y129         LUT6 (Prop_lut6_I4_O)        0.045     0.316 r  PWM1/count[0]_i_1/O
                         net (fo=8, routed)           0.125     0.442    PWM1/clear
    SLICE_X3Y130         FDRE                                         r  PWM1/count_reg[0]/R
  -------------------------------------------------------------------    -------------------

Slack:                    inf
  Source:                 PWM1/count_reg[0]/C
                            (rising edge-triggered cell FDRE)
  Destination:            PWM1/count_reg[1]/R
  Path Group:             (none)
  Path Type:              Min at Fast Process Corner
  Data Path Delay:        0.442ns  (logic 0.186ns (42.128%)  route 0.256ns (57.872%))
  Logic Levels:           2  (FDRE=1 LUT6=1)

    Location             Delay type                Incr(ns)  Path(ns)    Netlist Resource(s)
  -------------------------------------------------------------------    -------------------
    SLICE_X3Y130         FDRE                         0.000     0.000 r  PWM1/count_reg[0]/C
    SLICE_X3Y130         FDRE (Prop_fdre_C_Q)         0.141     0.141 f  PWM1/count_reg[0]/Q
                         net (fo=3, routed)           0.130     0.271    PWM1/count_reg[0]
    SLICE_X2Y129         LUT6 (Prop_lut6_I4_O)        0.045     0.316 r  PWM1/count[0]_i_1/O
                         net (fo=8, routed)           0.125     0.442    PWM1/clear
    SLICE_X3Y130         FDRE                                         r  PWM1/count_reg[1]/R
  -------------------------------------------------------------------    -------------------





--------------------------------------------------------------------------------------
Path Group:  (none)
From Clock:  fpgaclk
  To Clock:  

Max Delay             6 Endpoints
Min Delay             6 Endpoints
--------------------------------------------------------------------------------------


Max Delay Paths
--------------------------------------------------------------------------------------
Slack:                    inf
  Source:                 ultrasonic_Middle/counter_echo_pulse/count_reg[7]/C
                            (rising edge-triggered cell FDCE clocked by fpgaclk  {rise@0.000ns fall@10.000ns period=20.000ns})
  Destination:            led
                            (output port)
  Path Group:             (none)
  Path Type:              Max at Slow Process Corner
  Data Path Delay:        11.379ns  (logic 5.307ns (46.641%)  route 6.072ns (53.359%))
  Logic Levels:           5  (CARRY4=3 LUT2=1 OBUF=1)
  Clock Uncertainty:      0.025ns  ((TSJ^2 + TIJ^2)^1/2 + DJ) / 2 + PE
    Total System Jitter     (TSJ):    0.050ns
    Total Input Jitter      (TIJ):    0.000ns
    Discrete Jitter          (DJ):    0.000ns
    Phase Error              (PE):    0.000ns

    Location             Delay type                Incr(ns)  Path(ns)    Netlist Resource(s)
  -------------------------------------------------------------------    -------------------
                         (clock fpgaclk rise edge)    0.000     0.000 r  
    W5                                                0.000     0.000 r  fpgaclk (IN)
                         net (fo=0)                   0.000     0.000    fpgaclk
    W5                   IBUF (Prop_ibuf_I_O)         1.458     1.458 r  fpgaclk_IBUF_inst/O
                         net (fo=1, routed)           1.967     3.425    fpgaclk_IBUF
    BUFGCTRL_X0Y0        BUFG (Prop_bufg_I_O)         0.096     3.521 r  fpgaclk_IBUF_BUFG_inst/O
                         net (fo=53, routed)          1.795     5.316    ultrasonic_Middle/counter_echo_pulse/fpgaclk_IBUF_BUFG
    SLICE_X4Y129         FDCE                                         r  ultrasonic_Middle/counter_echo_pulse/count_reg[7]/C
  -------------------------------------------------------------------    -------------------
    SLICE_X4Y129         FDCE (Prop_fdce_C_Q)         0.456     5.772 r  ultrasonic_Middle/counter_echo_pulse/count_reg[7]/Q
                         net (fo=3, routed)           1.032     6.804    ultrasonic_Middle/counter_echo_pulse/count_reg[7]
    SLICE_X5Y130         LUT2 (Prop_lut2_I1_O)        0.124     6.928 r  ultrasonic_Middle/counter_echo_pulse/ltOp_carry_i_6/O
                         net (fo=1, routed)           0.000     6.928    ultrasonic_Middle/counter_echo_pulse_n_5
    SLICE_X5Y130         CARRY4 (Prop_carry4_S[1]_CO[3])
                                                      0.550     7.478 r  ultrasonic_Middle/ltOp_carry/CO[3]
                         net (fo=1, routed)           0.000     7.478    ultrasonic_Middle/ltOp_carry_n_0
    SLICE_X5Y131         CARRY4 (Prop_carry4_CI_CO[3])
                                                      0.114     7.592 r  ultrasonic_Middle/ltOp_carry__0/CO[3]
                         net (fo=1, routed)           0.000     7.592    ultrasonic_Middle/ltOp_carry__0_n_0
    SLICE_X5Y132         CARRY4 (Prop_carry4_CI_CO[0])
                                                      0.293     7.885 r  ultrasonic_Middle/ltOp_carry__1/CO[0]
                         net (fo=6, routed)           5.040    12.925    led_OBUF
    L1                   OBUF (Prop_obuf_I_O)         3.770    16.696 r  led_OBUF_inst/O
                         net (fo=0)                   0.000    16.696    led
    L1                                                                r  led (OUT)
  -------------------------------------------------------------------    -------------------

Slack:                    inf
  Source:                 ultrasonic_Middle/trigger_generation/trigger_gen/count_reg[3]/C
                            (rising edge-triggered cell FDCE clocked by fpgaclk  {rise@0.000ns fall@10.000ns period=20.000ns})
  Destination:            trigger
                            (output port)
  Path Group:             (none)
  Path Type:              Max at Slow Process Corner
  Data Path Delay:        8.394ns  (logic 4.333ns (51.620%)  route 4.061ns (48.380%))
  Logic Levels:           4  (LUT5=1 LUT6=2 OBUF=1)
  Clock Uncertainty:      0.025ns  ((TSJ^2 + TIJ^2)^1/2 + DJ) / 2 + PE
    Total System Jitter     (TSJ):    0.050ns
    Total Input Jitter      (TIJ):    0.000ns
    Discrete Jitter          (DJ):    0.000ns
    Phase Error              (PE):    0.000ns

    Location             Delay type                Incr(ns)  Path(ns)    Netlist Resource(s)
  -------------------------------------------------------------------    -------------------
                         (clock fpgaclk rise edge)    0.000     0.000 r  
    W5                                                0.000     0.000 r  fpgaclk (IN)
                         net (fo=0)                   0.000     0.000    fpgaclk
    W5                   IBUF (Prop_ibuf_I_O)         1.458     1.458 r  fpgaclk_IBUF_inst/O
                         net (fo=1, routed)           1.967     3.425    fpgaclk_IBUF
    BUFGCTRL_X0Y0        BUFG (Prop_bufg_I_O)         0.096     3.521 r  fpgaclk_IBUF_BUFG_inst/O
                         net (fo=53, routed)          1.789     5.310    ultrasonic_Middle/trigger_generation/trigger_gen/fpgaclk_IBUF_BUFG
    SLICE_X0Y124         FDCE                                         r  ultrasonic_Middle/trigger_generation/trigger_gen/count_reg[3]/C
  -------------------------------------------------------------------    -------------------
    SLICE_X0Y124         FDCE (Prop_fdce_C_Q)         0.456     5.766 r  ultrasonic_Middle/trigger_generation/trigger_gen/count_reg[3]/Q
                         net (fo=4, routed)           1.345     7.111    ultrasonic_Middle/trigger_generation/trigger_gen/count_reg[3]
    SLICE_X2Y124         LUT6 (Prop_lut6_I1_O)        0.124     7.235 r  ultrasonic_Middle/trigger_generation/trigger_gen/trigger_OBUF_inst_i_7/O
                         net (fo=1, routed)           0.455     7.691    ultrasonic_Middle/trigger_generation/trigger_gen/trigger_OBUF_inst_i_7_n_0
    SLICE_X1Y126         LUT6 (Prop_lut6_I4_O)        0.124     7.815 r  ultrasonic_Middle/trigger_generation/trigger_gen/trigger_OBUF_inst_i_5/O
                         net (fo=1, routed)           0.433     8.248    ultrasonic_Middle/trigger_generation/trigger_gen/trigger_OBUF_inst_i_5_n_0
    SLICE_X1Y126         LUT5 (Prop_lut5_I4_O)        0.124     8.372 r  ultrasonic_Middle/trigger_generation/trigger_gen/trigger_OBUF_inst_i_1/O
                         net (fo=23, routed)          1.827    10.199    trigger_OBUF
    C15                  OBUF (Prop_obuf_I_O)         3.505    13.704 r  trigger_OBUF_inst/O
                         net (fo=0)                   0.000    13.704    trigger
    C15                                                               r  trigger (OUT)
  -------------------------------------------------------------------    -------------------

Slack:                    inf
  Source:                 ultrasonic_Middle/counter_echo_pulse/count_reg[7]/C
                            (rising edge-triggered cell FDCE clocked by fpgaclk  {rise@0.000ns fall@10.000ns period=20.000ns})
  Destination:            Motor_R_in_4_reg/L7/D
  Path Group:             (none)
  Path Type:              Max at Slow Process Corner
  Data Path Delay:        4.193ns  (logic 1.910ns (45.555%)  route 2.283ns (54.445%))
  Logic Levels:           5  (CARRY4=3 LUT2=1 LUT3=1)
  Clock Uncertainty:      0.025ns  ((TSJ^2 + TIJ^2)^1/2 + DJ) / 2 + PE
    Total System Jitter     (TSJ):    0.050ns
    Total Input Jitter      (TIJ):    0.000ns
    Discrete Jitter          (DJ):    0.000ns
    Phase Error              (PE):    0.000ns

    Location             Delay type                Incr(ns)  Path(ns)    Netlist Resource(s)
  -------------------------------------------------------------------    -------------------
                         (clock fpgaclk rise edge)    0.000     0.000 r  
    W5                                                0.000     0.000 r  fpgaclk (IN)
                         net (fo=0)                   0.000     0.000    fpgaclk
    W5                   IBUF (Prop_ibuf_I_O)         1.458     1.458 r  fpgaclk_IBUF_inst/O
                         net (fo=1, routed)           1.967     3.425    fpgaclk_IBUF
    BUFGCTRL_X0Y0        BUFG (Prop_bufg_I_O)         0.096     3.521 r  fpgaclk_IBUF_BUFG_inst/O
                         net (fo=53, routed)          1.795     5.316    ultrasonic_Middle/counter_echo_pulse/fpgaclk_IBUF_BUFG
    SLICE_X4Y129         FDCE                                         r  ultrasonic_Middle/counter_echo_pulse/count_reg[7]/C
  -------------------------------------------------------------------    -------------------
    SLICE_X4Y129         FDCE (Prop_fdce_C_Q)         0.456     5.772 r  ultrasonic_Middle/counter_echo_pulse/count_reg[7]/Q
                         net (fo=3, routed)           1.032     6.804    ultrasonic_Middle/counter_echo_pulse/count_reg[7]
    SLICE_X5Y130         LUT2 (Prop_lut2_I1_O)        0.124     6.928 r  ultrasonic_Middle/counter_echo_pulse/ltOp_carry_i_6/O
                         net (fo=1, routed)           0.000     6.928    ultrasonic_Middle/counter_echo_pulse_n_5
    SLICE_X5Y130         CARRY4 (Prop_carry4_S[1]_CO[3])
                                                      0.550     7.478 r  ultrasonic_Middle/ltOp_carry/CO[3]
                         net (fo=1, routed)           0.000     7.478    ultrasonic_Middle/ltOp_carry_n_0
    SLICE_X5Y131         CARRY4 (Prop_carry4_CI_CO[3])
                                                      0.114     7.592 r  ultrasonic_Middle/ltOp_carry__0/CO[3]
                         net (fo=1, routed)           0.000     7.592    ultrasonic_Middle/ltOp_carry__0_n_0
    SLICE_X5Y132         CARRY4 (Prop_carry4_CI_CO[0])
                                                      0.293     7.885 r  ultrasonic_Middle/ltOp_carry__1/CO[0]
                         net (fo=6, routed)           1.251     9.136    Motor_R_in_4_reg/D
    SLICE_X1Y124         LUT3 (Prop_lut3_I2_O)        0.373     9.509 r  Motor_R_in_4_reg/L3_1/O
                         net (fo=1, routed)           0.000     9.509    Motor_R_in_4_reg/D0
    SLICE_X1Y124         LDCE                                         r  Motor_R_in_4_reg/L7/D
  -------------------------------------------------------------------    -------------------

Slack:                    inf
  Source:                 ultrasonic_Middle/counter_echo_pulse/count_reg[7]/C
                            (rising edge-triggered cell FDCE clocked by fpgaclk  {rise@0.000ns fall@10.000ns period=20.000ns})
  Destination:            Motor_L_in_2_reg/PRE
  Path Group:             (none)
  Path Type:              Max at Slow Process Corner
  Data Path Delay:        3.474ns  (logic 1.578ns (45.424%)  route 1.896ns (54.576%))
  Logic Levels:           4  (CARRY4=3 LUT2=1)
  Clock Uncertainty:      0.025ns  ((TSJ^2 + TIJ^2)^1/2 + DJ) / 2 + PE
    Total System Jitter     (TSJ):    0.050ns
    Total Input Jitter      (TIJ):    0.000ns
    Discrete Jitter          (DJ):    0.000ns
    Phase Error              (PE):    0.000ns

    Location             Delay type                Incr(ns)  Path(ns)    Netlist Resource(s)
  -------------------------------------------------------------------    -------------------
                         (clock fpgaclk rise edge)    0.000     0.000 r  
    W5                                                0.000     0.000 r  fpgaclk (IN)
                         net (fo=0)                   0.000     0.000    fpgaclk
    W5                   IBUF (Prop_ibuf_I_O)         1.458     1.458 r  fpgaclk_IBUF_inst/O
                         net (fo=1, routed)           1.967     3.425    fpgaclk_IBUF
    BUFGCTRL_X0Y0        BUFG (Prop_bufg_I_O)         0.096     3.521 r  fpgaclk_IBUF_BUFG_inst/O
                         net (fo=53, routed)          1.795     5.316    ultrasonic_Middle/counter_echo_pulse/fpgaclk_IBUF_BUFG
    SLICE_X4Y129         FDCE                                         r  ultrasonic_Middle/counter_echo_pulse/count_reg[7]/C
  -------------------------------------------------------------------    -------------------
    SLICE_X4Y129         FDCE (Prop_fdce_C_Q)         0.456     5.772 r  ultrasonic_Middle/counter_echo_pulse/count_reg[7]/Q
                         net (fo=3, routed)           1.032     6.804    ultrasonic_Middle/counter_echo_pulse/count_reg[7]
    SLICE_X5Y130         LUT2 (Prop_lut2_I1_O)        0.124     6.928 r  ultrasonic_Middle/counter_echo_pulse/ltOp_carry_i_6/O
                         net (fo=1, routed)           0.000     6.928    ultrasonic_Middle/counter_echo_pulse_n_5
    SLICE_X5Y130         CARRY4 (Prop_carry4_S[1]_CO[3])
                                                      0.550     7.478 r  ultrasonic_Middle/ltOp_carry/CO[3]
                         net (fo=1, routed)           0.000     7.478    ultrasonic_Middle/ltOp_carry_n_0
    SLICE_X5Y131         CARRY4 (Prop_carry4_CI_CO[3])
                                                      0.114     7.592 r  ultrasonic_Middle/ltOp_carry__0/CO[3]
                         net (fo=1, routed)           0.000     7.592    ultrasonic_Middle/ltOp_carry__0_n_0
    SLICE_X5Y132         CARRY4 (Prop_carry4_CI_O[1])
                                                      0.334     7.926 f  ultrasonic_Middle/ltOp_carry__1/O[1]
                         net (fo=4, routed)           0.864     8.790    ultrasonic_Middle_n_2
    SLICE_X1Y125         LDPE                                         f  Motor_L_in_2_reg/PRE
  -------------------------------------------------------------------    -------------------

Slack:                    inf
  Source:                 ultrasonic_Middle/counter_echo_pulse/count_reg[7]/C
                            (rising edge-triggered cell FDCE clocked by fpgaclk  {rise@0.000ns fall@10.000ns period=20.000ns})
  Destination:            Motor_L_in_1_reg/CLR
  Path Group:             (none)
  Path Type:              Max at Slow Process Corner
  Data Path Delay:        3.019ns  (logic 1.578ns (52.263%)  route 1.441ns (47.737%))
  Logic Levels:           4  (CARRY4=3 LUT2=1)
  Clock Uncertainty:      0.025ns  ((TSJ^2 + TIJ^2)^1/2 + DJ) / 2 + PE
    Total System Jitter     (TSJ):    0.050ns
    Total Input Jitter      (TIJ):    0.000ns
    Discrete Jitter          (DJ):    0.000ns
    Phase Error              (PE):    0.000ns

    Location             Delay type                Incr(ns)  Path(ns)    Netlist Resource(s)
  -------------------------------------------------------------------    -------------------
                         (clock fpgaclk rise edge)    0.000     0.000 r  
    W5                                                0.000     0.000 r  fpgaclk (IN)
                         net (fo=0)                   0.000     0.000    fpgaclk
    W5                   IBUF (Prop_ibuf_I_O)         1.458     1.458 r  fpgaclk_IBUF_inst/O
                         net (fo=1, routed)           1.967     3.425    fpgaclk_IBUF
    BUFGCTRL_X0Y0        BUFG (Prop_bufg_I_O)         0.096     3.521 r  fpgaclk_IBUF_BUFG_inst/O
                         net (fo=53, routed)          1.795     5.316    ultrasonic_Middle/counter_echo_pulse/fpgaclk_IBUF_BUFG
    SLICE_X4Y129         FDCE                                         r  ultrasonic_Middle/counter_echo_pulse/count_reg[7]/C
  -------------------------------------------------------------------    -------------------
    SLICE_X4Y129         FDCE (Prop_fdce_C_Q)         0.456     5.772 r  ultrasonic_Middle/counter_echo_pulse/count_reg[7]/Q
                         net (fo=3, routed)           1.032     6.804    ultrasonic_Middle/counter_echo_pulse/count_reg[7]
    SLICE_X5Y130         LUT2 (Prop_lut2_I1_O)        0.124     6.928 r  ultrasonic_Middle/counter_echo_pulse/ltOp_carry_i_6/O
                         net (fo=1, routed)           0.000     6.928    ultrasonic_Middle/counter_echo_pulse_n_5
    SLICE_X5Y130         CARRY4 (Prop_carry4_S[1]_CO[3])
                                                      0.550     7.478 r  ultrasonic_Middle/ltOp_carry/CO[3]
                         net (fo=1, routed)           0.000     7.478    ultrasonic_Middle/ltOp_carry_n_0
    SLICE_X5Y131         CARRY4 (Prop_carry4_CI_CO[3])
                                                      0.114     7.592 r  ultrasonic_Middle/ltOp_carry__0/CO[3]
                         net (fo=1, routed)           0.000     7.592    ultrasonic_Middle/ltOp_carry__0_n_0
    SLICE_X5Y132         CARRY4 (Prop_carry4_CI_O[1])
                                                      0.334     7.926 f  ultrasonic_Middle/ltOp_carry__1/O[1]
                         net (fo=4, routed)           0.409     8.336    ultrasonic_Middle_n_2
    SLICE_X5Y132         LDCE                                         f  Motor_L_in_1_reg/CLR
  -------------------------------------------------------------------    -------------------

Slack:                    inf
  Source:                 ultrasonic_Middle/counter_echo_pulse/count_reg[7]/C
                            (rising edge-triggered cell FDCE clocked by fpgaclk  {rise@0.000ns fall@10.000ns period=20.000ns})
  Destination:            Motor_L_in_1_reg/D
  Path Group:             (none)
  Path Type:              Max at Slow Process Corner
  Data Path Delay:        2.569ns  (logic 1.537ns (59.832%)  route 1.032ns (40.168%))
  Logic Levels:           4  (CARRY4=3 LUT2=1)
  Clock Uncertainty:      0.025ns  ((TSJ^2 + TIJ^2)^1/2 + DJ) / 2 + PE
    Total System Jitter     (TSJ):    0.050ns
    Total Input Jitter      (TIJ):    0.000ns
    Discrete Jitter          (DJ):    0.000ns
    Phase Error              (PE):    0.000ns

    Location             Delay type                Incr(ns)  Path(ns)    Netlist Resource(s)
  -------------------------------------------------------------------    -------------------
                         (clock fpgaclk rise edge)    0.000     0.000 r  
    W5                                                0.000     0.000 r  fpgaclk (IN)
                         net (fo=0)                   0.000     0.000    fpgaclk
    W5                   IBUF (Prop_ibuf_I_O)         1.458     1.458 r  fpgaclk_IBUF_inst/O
                         net (fo=1, routed)           1.967     3.425    fpgaclk_IBUF
    BUFGCTRL_X0Y0        BUFG (Prop_bufg_I_O)         0.096     3.521 r  fpgaclk_IBUF_BUFG_inst/O
                         net (fo=53, routed)          1.795     5.316    ultrasonic_Middle/counter_echo_pulse/fpgaclk_IBUF_BUFG
    SLICE_X4Y129         FDCE                                         r  ultrasonic_Middle/counter_echo_pulse/count_reg[7]/C
  -------------------------------------------------------------------    -------------------
    SLICE_X4Y129         FDCE (Prop_fdce_C_Q)         0.456     5.772 r  ultrasonic_Middle/counter_echo_pulse/count_reg[7]/Q
                         net (fo=3, routed)           1.032     6.804    ultrasonic_Middle/counter_echo_pulse/count_reg[7]
    SLICE_X5Y130         LUT2 (Prop_lut2_I1_O)        0.124     6.928 r  ultrasonic_Middle/counter_echo_pulse/ltOp_carry_i_6/O
                         net (fo=1, routed)           0.000     6.928    ultrasonic_Middle/counter_echo_pulse_n_5
    SLICE_X5Y130         CARRY4 (Prop_carry4_S[1]_CO[3])
                                                      0.550     7.478 r  ultrasonic_Middle/ltOp_carry/CO[3]
                         net (fo=1, routed)           0.000     7.478    ultrasonic_Middle/ltOp_carry_n_0
    SLICE_X5Y131         CARRY4 (Prop_carry4_CI_CO[3])
                                                      0.114     7.592 r  ultrasonic_Middle/ltOp_carry__0/CO[3]
                         net (fo=1, routed)           0.000     7.592    ultrasonic_Middle/ltOp_carry__0_n_0
    SLICE_X5Y132         CARRY4 (Prop_carry4_CI_CO[0])
                                                      0.293     7.885 r  ultrasonic_Middle/ltOp_carry__1/CO[0]
                         net (fo=6, routed)           0.000     7.885    led_OBUF
    SLICE_X5Y132         LDCE                                         r  Motor_L_in_1_reg/D
  -------------------------------------------------------------------    -------------------





Min Delay Paths
--------------------------------------------------------------------------------------
Slack:                    inf
  Source:                 ultrasonic_Middle/counter_echo_pulse/count_reg[21]/C
                            (rising edge-triggered cell FDCE clocked by fpgaclk  {rise@0.000ns fall@10.000ns period=20.000ns})
  Destination:            Motor_L_in_1_reg/D
  Path Group:             (none)
  Path Type:              Min at Fast Process Corner
  Data Path Delay:        0.406ns  (logic 0.285ns (70.215%)  route 0.121ns (29.785%))
  Logic Levels:           2  (CARRY4=1 LUT2=1)
  Clock Uncertainty:      0.025ns  ((TSJ^2 + TIJ^2)^1/2 + DJ) / 2 + PE
    Total System Jitter     (TSJ):    0.050ns
    Total Input Jitter      (TIJ):    0.000ns
    Discrete Jitter          (DJ):    0.000ns
    Phase Error              (PE):    0.000ns

    Location             Delay type                Incr(ns)  Path(ns)    Netlist Resource(s)
  -------------------------------------------------------------------    -------------------
                         (clock fpgaclk rise edge)    0.000     0.000 r  
    W5                                                0.000     0.000 r  fpgaclk (IN)
                         net (fo=0)                   0.000     0.000    fpgaclk
    W5                   IBUF (Prop_ibuf_I_O)         0.226     0.226 r  fpgaclk_IBUF_inst/O
                         net (fo=1, routed)           0.631     0.858    fpgaclk_IBUF
    BUFGCTRL_X0Y0        BUFG (Prop_bufg_I_O)         0.026     0.884 r  fpgaclk_IBUF_BUFG_inst/O
                         net (fo=53, routed)          0.669     1.553    ultrasonic_Middle/counter_echo_pulse/fpgaclk_IBUF_BUFG
    SLICE_X4Y133         FDCE                                         r  ultrasonic_Middle/counter_echo_pulse/count_reg[21]/C
  -------------------------------------------------------------------    -------------------
    SLICE_X4Y133         FDCE (Prop_fdce_C_Q)         0.141     1.694 f  ultrasonic_Middle/counter_echo_pulse/count_reg[21]/Q
                         net (fo=2, routed)           0.121     1.815    ultrasonic_Middle/counter_echo_pulse/count_reg[21]
    SLICE_X5Y132         LUT2 (Prop_lut2_I1_O)        0.045     1.860 r  ultrasonic_Middle/counter_echo_pulse/ltOp_carry__1_i_1/O
                         net (fo=1, routed)           0.000     1.860    ultrasonic_Middle/counter_echo_pulse_n_14
    SLICE_X5Y132         CARRY4 (Prop_carry4_S[0]_CO[0])
                                                      0.099     1.959 r  ultrasonic_Middle/ltOp_carry__1/CO[0]
                         net (fo=6, routed)           0.000     1.959    led_OBUF
    SLICE_X5Y132         LDCE                                         r  Motor_L_in_1_reg/D
  -------------------------------------------------------------------    -------------------

Slack:                    inf
  Source:                 ultrasonic_Middle/counter_echo_pulse/count_reg[21]/C
                            (rising edge-triggered cell FDCE clocked by fpgaclk  {rise@0.000ns fall@10.000ns period=20.000ns})
  Destination:            Motor_L_in_1_reg/CLR
  Path Group:             (none)
  Path Type:              Min at Fast Process Corner
  Data Path Delay:        0.554ns  (logic 0.292ns (52.671%)  route 0.262ns (47.329%))
  Logic Levels:           2  (CARRY4=1 LUT2=1)
  Clock Uncertainty:      0.025ns  ((TSJ^2 + TIJ^2)^1/2 + DJ) / 2 + PE
    Total System Jitter     (TSJ):    0.050ns
    Total Input Jitter      (TIJ):    0.000ns
    Discrete Jitter          (DJ):    0.000ns
    Phase Error              (PE):    0.000ns

    Location             Delay type                Incr(ns)  Path(ns)    Netlist Resource(s)
  -------------------------------------------------------------------    -------------------
                         (clock fpgaclk rise edge)    0.000     0.000 r  
    W5                                                0.000     0.000 r  fpgaclk (IN)
                         net (fo=0)                   0.000     0.000    fpgaclk
    W5                   IBUF (Prop_ibuf_I_O)         0.226     0.226 r  fpgaclk_IBUF_inst/O
                         net (fo=1, routed)           0.631     0.858    fpgaclk_IBUF
    BUFGCTRL_X0Y0        BUFG (Prop_bufg_I_O)         0.026     0.884 r  fpgaclk_IBUF_BUFG_inst/O
                         net (fo=53, routed)          0.669     1.553    ultrasonic_Middle/counter_echo_pulse/fpgaclk_IBUF_BUFG
    SLICE_X4Y133         FDCE                                         r  ultrasonic_Middle/counter_echo_pulse/count_reg[21]/C
  -------------------------------------------------------------------    -------------------
    SLICE_X4Y133         FDCE (Prop_fdce_C_Q)         0.141     1.694 f  ultrasonic_Middle/counter_echo_pulse/count_reg[21]/Q
                         net (fo=2, routed)           0.121     1.815    ultrasonic_Middle/counter_echo_pulse/count_reg[21]
    SLICE_X5Y132         LUT2 (Prop_lut2_I1_O)        0.045     1.860 r  ultrasonic_Middle/counter_echo_pulse/ltOp_carry__1_i_1/O
                         net (fo=1, routed)           0.000     1.860    ultrasonic_Middle/counter_echo_pulse_n_14
    SLICE_X5Y132         CARRY4 (Prop_carry4_S[0]_O[1])
                                                      0.106     1.966 f  ultrasonic_Middle/ltOp_carry__1/O[1]
                         net (fo=4, routed)           0.141     2.107    ultrasonic_Middle_n_2
    SLICE_X5Y132         LDCE                                         f  Motor_L_in_1_reg/CLR
  -------------------------------------------------------------------    -------------------

Slack:                    inf
  Source:                 ultrasonic_Middle/counter_echo_pulse/count_reg[21]/C
                            (rising edge-triggered cell FDCE clocked by fpgaclk  {rise@0.000ns fall@10.000ns period=20.000ns})
  Destination:            Motor_L_in_2_reg/PRE
  Path Group:             (none)
  Path Type:              Min at Fast Process Corner
  Data Path Delay:        0.748ns  (logic 0.292ns (39.039%)  route 0.456ns (60.961%))
  Logic Levels:           2  (CARRY4=1 LUT2=1)
  Clock Uncertainty:      0.025ns  ((TSJ^2 + TIJ^2)^1/2 + DJ) / 2 + PE
    Total System Jitter     (TSJ):    0.050ns
    Total Input Jitter      (TIJ):    0.000ns
    Discrete Jitter          (DJ):    0.000ns
    Phase Error              (PE):    0.000ns

    Location             Delay type                Incr(ns)  Path(ns)    Netlist Resource(s)
  -------------------------------------------------------------------    -------------------
                         (clock fpgaclk rise edge)    0.000     0.000 r  
    W5                                                0.000     0.000 r  fpgaclk (IN)
                         net (fo=0)                   0.000     0.000    fpgaclk
    W5                   IBUF (Prop_ibuf_I_O)         0.226     0.226 r  fpgaclk_IBUF_inst/O
                         net (fo=1, routed)           0.631     0.858    fpgaclk_IBUF
    BUFGCTRL_X0Y0        BUFG (Prop_bufg_I_O)         0.026     0.884 r  fpgaclk_IBUF_BUFG_inst/O
                         net (fo=53, routed)          0.669     1.553    ultrasonic_Middle/counter_echo_pulse/fpgaclk_IBUF_BUFG
    SLICE_X4Y133         FDCE                                         r  ultrasonic_Middle/counter_echo_pulse/count_reg[21]/C
  -------------------------------------------------------------------    -------------------
    SLICE_X4Y133         FDCE (Prop_fdce_C_Q)         0.141     1.694 f  ultrasonic_Middle/counter_echo_pulse/count_reg[21]/Q
                         net (fo=2, routed)           0.121     1.815    ultrasonic_Middle/counter_echo_pulse/count_reg[21]
    SLICE_X5Y132         LUT2 (Prop_lut2_I1_O)        0.045     1.860 r  ultrasonic_Middle/counter_echo_pulse/ltOp_carry__1_i_1/O
                         net (fo=1, routed)           0.000     1.860    ultrasonic_Middle/counter_echo_pulse_n_14
    SLICE_X5Y132         CARRY4 (Prop_carry4_S[0]_O[1])
                                                      0.106     1.966 f  ultrasonic_Middle/ltOp_carry__1/O[1]
                         net (fo=4, routed)           0.335     2.301    ultrasonic_Middle_n_2
    SLICE_X1Y125         LDPE                                         f  Motor_L_in_2_reg/PRE
  -------------------------------------------------------------------    -------------------

Slack:                    inf
  Source:                 ultrasonic_Middle/counter_echo_pulse/count_reg[21]/C
                            (rising edge-triggered cell FDCE clocked by fpgaclk  {rise@0.000ns fall@10.000ns period=20.000ns})
  Destination:            Motor_R_in_4_reg/L7/D
  Path Group:             (none)
  Path Type:              Min at Fast Process Corner
  Data Path Delay:        0.935ns  (logic 0.399ns (42.661%)  route 0.536ns (57.339%))
  Logic Levels:           3  (CARRY4=1 LUT2=1 LUT3=1)
  Clock Uncertainty:      0.025ns  ((TSJ^2 + TIJ^2)^1/2 + DJ) / 2 + PE
    Total System Jitter     (TSJ):    0.050ns
    Total Input Jitter      (TIJ):    0.000ns
    Discrete Jitter          (DJ):    0.000ns
    Phase Error              (PE):    0.000ns

    Location             Delay type                Incr(ns)  Path(ns)    Netlist Resource(s)
  -------------------------------------------------------------------    -------------------
                         (clock fpgaclk rise edge)    0.000     0.000 r  
    W5                                                0.000     0.000 r  fpgaclk (IN)
                         net (fo=0)                   0.000     0.000    fpgaclk
    W5                   IBUF (Prop_ibuf_I_O)         0.226     0.226 r  fpgaclk_IBUF_inst/O
                         net (fo=1, routed)           0.631     0.858    fpgaclk_IBUF
    BUFGCTRL_X0Y0        BUFG (Prop_bufg_I_O)         0.026     0.884 r  fpgaclk_IBUF_BUFG_inst/O
                         net (fo=53, routed)          0.669     1.553    ultrasonic_Middle/counter_echo_pulse/fpgaclk_IBUF_BUFG
    SLICE_X4Y133         FDCE                                         r  ultrasonic_Middle/counter_echo_pulse/count_reg[21]/C
  -------------------------------------------------------------------    -------------------
    SLICE_X4Y133         FDCE (Prop_fdce_C_Q)         0.141     1.694 f  ultrasonic_Middle/counter_echo_pulse/count_reg[21]/Q
                         net (fo=2, routed)           0.121     1.815    ultrasonic_Middle/counter_echo_pulse/count_reg[21]
    SLICE_X5Y132         LUT2 (Prop_lut2_I1_O)        0.045     1.860 r  ultrasonic_Middle/counter_echo_pulse/ltOp_carry__1_i_1/O
                         net (fo=1, routed)           0.000     1.860    ultrasonic_Middle/counter_echo_pulse_n_14
    SLICE_X5Y132         CARRY4 (Prop_carry4_S[0]_O[1])
                                                      0.106     1.966 r  ultrasonic_Middle/ltOp_carry__1/O[1]
                         net (fo=4, routed)           0.415     2.381    Motor_R_in_4_reg/PRE
    SLICE_X1Y124         LUT3 (Prop_lut3_I0_O)        0.107     2.488 r  Motor_R_in_4_reg/L3_1/O
                         net (fo=1, routed)           0.000     2.488    Motor_R_in_4_reg/D0
    SLICE_X1Y124         LDCE                                         r  Motor_R_in_4_reg/L7/D
  -------------------------------------------------------------------    -------------------

Slack:                    inf
  Source:                 ultrasonic_Middle/trigger_generation/trigger_gen/count_reg[11]/C
                            (rising edge-triggered cell FDCE clocked by fpgaclk  {rise@0.000ns fall@10.000ns period=20.000ns})
  Destination:            trigger
                            (output port)
  Path Group:             (none)
  Path Type:              Min at Fast Process Corner
  Data Path Delay:        1.891ns  (logic 1.392ns (73.617%)  route 0.499ns (26.383%))
  Logic Levels:           2  (LUT5=1 OBUF=1)
  Clock Uncertainty:      0.025ns  ((TSJ^2 + TIJ^2)^1/2 + DJ) / 2 + PE
    Total System Jitter     (TSJ):    0.050ns
    Total Input Jitter      (TIJ):    0.000ns
    Discrete Jitter          (DJ):    0.000ns
    Phase Error              (PE):    0.000ns

    Location             Delay type                Incr(ns)  Path(ns)    Netlist Resource(s)
  -------------------------------------------------------------------    -------------------
                         (clock fpgaclk rise edge)    0.000     0.000 r  
    W5                                                0.000     0.000 r  fpgaclk (IN)
                         net (fo=0)                   0.000     0.000    fpgaclk
    W5                   IBUF (Prop_ibuf_I_O)         0.226     0.226 r  fpgaclk_IBUF_inst/O
                         net (fo=1, routed)           0.631     0.858    fpgaclk_IBUF
    BUFGCTRL_X0Y0        BUFG (Prop_bufg_I_O)         0.026     0.884 r  fpgaclk_IBUF_BUFG_inst/O
                         net (fo=53, routed)          0.663     1.547    ultrasonic_Middle/trigger_generation/trigger_gen/fpgaclk_IBUF_BUFG
    SLICE_X0Y126         FDCE                                         r  ultrasonic_Middle/trigger_generation/trigger_gen/count_reg[11]/C
  -------------------------------------------------------------------    -------------------
    SLICE_X0Y126         FDCE (Prop_fdce_C_Q)         0.141     1.688 r  ultrasonic_Middle/trigger_generation/trigger_gen/count_reg[11]/Q
                         net (fo=3, routed)           0.110     1.797    ultrasonic_Middle/trigger_generation/trigger_gen/count_reg[11]
    SLICE_X1Y126         LUT5 (Prop_lut5_I2_O)        0.045     1.842 r  ultrasonic_Middle/trigger_generation/trigger_gen/trigger_OBUF_inst_i_1/O
                         net (fo=23, routed)          0.389     2.231    trigger_OBUF
    C15                  OBUF (Prop_obuf_I_O)         1.206     3.437 r  trigger_OBUF_inst/O
                         net (fo=0)                   0.000     3.437    trigger
    C15                                                               r  trigger (OUT)
  -------------------------------------------------------------------    -------------------

Slack:                    inf
  Source:                 ultrasonic_Middle/counter_echo_pulse/count_reg[21]/C
                            (rising edge-triggered cell FDCE clocked by fpgaclk  {rise@0.000ns fall@10.000ns period=20.000ns})
  Destination:            led
                            (output port)
  Path Group:             (none)
  Path Type:              Min at Fast Process Corner
  Data Path Delay:        3.620ns  (logic 1.588ns (43.873%)  route 2.032ns (56.127%))
  Logic Levels:           3  (CARRY4=1 LUT2=1 OBUF=1)
  Clock Uncertainty:      0.025ns  ((TSJ^2 + TIJ^2)^1/2 + DJ) / 2 + PE
    Total System Jitter     (TSJ):    0.050ns
    Total Input Jitter      (TIJ):    0.000ns
    Discrete Jitter          (DJ):    0.000ns
    Phase Error              (PE):    0.000ns

    Location             Delay type                Incr(ns)  Path(ns)    Netlist Resource(s)
  -------------------------------------------------------------------    -------------------
                         (clock fpgaclk rise edge)    0.000     0.000 r  
    W5                                                0.000     0.000 r  fpgaclk (IN)
                         net (fo=0)                   0.000     0.000    fpgaclk
    W5                   IBUF (Prop_ibuf_I_O)         0.226     0.226 r  fpgaclk_IBUF_inst/O
                         net (fo=1, routed)           0.631     0.858    fpgaclk_IBUF
    BUFGCTRL_X0Y0        BUFG (Prop_bufg_I_O)         0.026     0.884 r  fpgaclk_IBUF_BUFG_inst/O
                         net (fo=53, routed)          0.669     1.553    ultrasonic_Middle/counter_echo_pulse/fpgaclk_IBUF_BUFG
    SLICE_X4Y133         FDCE                                         r  ultrasonic_Middle/counter_echo_pulse/count_reg[21]/C
  -------------------------------------------------------------------    -------------------
    SLICE_X4Y133         FDCE (Prop_fdce_C_Q)         0.141     1.694 f  ultrasonic_Middle/counter_echo_pulse/count_reg[21]/Q
                         net (fo=2, routed)           0.121     1.815    ultrasonic_Middle/counter_echo_pulse/count_reg[21]
    SLICE_X5Y132         LUT2 (Prop_lut2_I1_O)        0.045     1.860 r  ultrasonic_Middle/counter_echo_pulse/ltOp_carry__1_i_1/O
                         net (fo=1, routed)           0.000     1.860    ultrasonic_Middle/counter_echo_pulse_n_14
    SLICE_X5Y132         CARRY4 (Prop_carry4_S[0]_CO[0])
                                                      0.099     1.959 r  ultrasonic_Middle/ltOp_carry__1/CO[0]
                         net (fo=6, routed)           1.911     3.870    led_OBUF
    L1                   OBUF (Prop_obuf_I_O)         1.303     5.173 r  led_OBUF_inst/O
                         net (fo=0)                   0.000     5.173    led
    L1                                                                r  led (OUT)
  -------------------------------------------------------------------    -------------------





--------------------------------------------------------------------------------------
Path Group:  (none)
From Clock:  
  To Clock:  fpgaclk

Max Delay            22 Endpoints
Min Delay            22 Endpoints
--------------------------------------------------------------------------------------


Max Delay Paths
--------------------------------------------------------------------------------------
Slack:                    inf
  Source:                 echo
                            (input port)
  Destination:            ultrasonic_Middle/counter_echo_pulse/count_reg[20]/CE
                            (rising edge-triggered cell FDCE clocked by fpgaclk  {rise@0.000ns fall@10.000ns period=20.000ns})
  Path Group:             (none)
  Path Type:              Setup (Max at Slow Process Corner)
  Data Path Delay:        3.169ns  (logic 1.437ns (45.360%)  route 1.731ns (54.640%))
  Logic Levels:           1  (IBUF=1)
  Clock Path Skew:        5.016ns (DCD - SCD + CPR)
    Destination Clock Delay (DCD):    5.016ns
    Source Clock Delay      (SCD):    0.000ns
    Clock Pessimism Removal (CPR):    0.000ns
  Clock Uncertainty:      0.025ns  ((TSJ^2 + TIJ^2)^1/2 + DJ) / 2 + PE
    Total System Jitter     (TSJ):    0.050ns
    Total Input Jitter      (TIJ):    0.000ns
    Discrete Jitter          (DJ):    0.000ns
    Phase Error              (PE):    0.000ns

    Location             Delay type                Incr(ns)  Path(ns)    Netlist Resource(s)
  -------------------------------------------------------------------    -------------------
    C16                                               0.000     0.000 r  echo (IN)
                         net (fo=0)                   0.000     0.000    echo
    C16                  IBUF (Prop_ibuf_I_O)         1.437     1.437 r  echo_IBUF_inst/O
                         net (fo=22, routed)          1.731     3.169    ultrasonic_Middle/counter_echo_pulse/echo_IBUF
    SLICE_X4Y133         FDCE                                         r  ultrasonic_Middle/counter_echo_pulse/count_reg[20]/CE
  -------------------------------------------------------------------    -------------------

                         (clock fpgaclk rise edge)    0.000     0.000 r  
    W5                                                0.000     0.000 r  fpgaclk (IN)
                         net (fo=0)                   0.000     0.000    fpgaclk
    W5                   IBUF (Prop_ibuf_I_O)         1.388     1.388 r  fpgaclk_IBUF_inst/O
                         net (fo=1, routed)           1.862     3.250    fpgaclk_IBUF
    BUFGCTRL_X0Y0        BUFG (Prop_bufg_I_O)         0.091     3.341 r  fpgaclk_IBUF_BUFG_inst/O
                         net (fo=53, routed)          1.675     5.016    ultrasonic_Middle/counter_echo_pulse/fpgaclk_IBUF_BUFG
    SLICE_X4Y133         FDCE                                         r  ultrasonic_Middle/counter_echo_pulse/count_reg[20]/C

Slack:                    inf
  Source:                 echo
                            (input port)
  Destination:            ultrasonic_Middle/counter_echo_pulse/count_reg[21]/CE
                            (rising edge-triggered cell FDCE clocked by fpgaclk  {rise@0.000ns fall@10.000ns period=20.000ns})
  Path Group:             (none)
  Path Type:              Setup (Max at Slow Process Corner)
  Data Path Delay:        3.169ns  (logic 1.437ns (45.360%)  route 1.731ns (54.640%))
  Logic Levels:           1  (IBUF=1)
  Clock Path Skew:        5.016ns (DCD - SCD + CPR)
    Destination Clock Delay (DCD):    5.016ns
    Source Clock Delay      (SCD):    0.000ns
    Clock Pessimism Removal (CPR):    0.000ns
  Clock Uncertainty:      0.025ns  ((TSJ^2 + TIJ^2)^1/2 + DJ) / 2 + PE
    Total System Jitter     (TSJ):    0.050ns
    Total Input Jitter      (TIJ):    0.000ns
    Discrete Jitter          (DJ):    0.000ns
    Phase Error              (PE):    0.000ns

    Location             Delay type                Incr(ns)  Path(ns)    Netlist Resource(s)
  -------------------------------------------------------------------    -------------------
    C16                                               0.000     0.000 r  echo (IN)
                         net (fo=0)                   0.000     0.000    echo
    C16                  IBUF (Prop_ibuf_I_O)         1.437     1.437 r  echo_IBUF_inst/O
                         net (fo=22, routed)          1.731     3.169    ultrasonic_Middle/counter_echo_pulse/echo_IBUF
    SLICE_X4Y133         FDCE                                         r  ultrasonic_Middle/counter_echo_pulse/count_reg[21]/CE
  -------------------------------------------------------------------    -------------------

                         (clock fpgaclk rise edge)    0.000     0.000 r  
    W5                                                0.000     0.000 r  fpgaclk (IN)
                         net (fo=0)                   0.000     0.000    fpgaclk
    W5                   IBUF (Prop_ibuf_I_O)         1.388     1.388 r  fpgaclk_IBUF_inst/O
                         net (fo=1, routed)           1.862     3.250    fpgaclk_IBUF
    BUFGCTRL_X0Y0        BUFG (Prop_bufg_I_O)         0.091     3.341 r  fpgaclk_IBUF_BUFG_inst/O
                         net (fo=53, routed)          1.675     5.016    ultrasonic_Middle/counter_echo_pulse/fpgaclk_IBUF_BUFG
    SLICE_X4Y133         FDCE                                         r  ultrasonic_Middle/counter_echo_pulse/count_reg[21]/C

Slack:                    inf
  Source:                 echo
                            (input port)
  Destination:            ultrasonic_Middle/counter_echo_pulse/count_reg[16]/CE
                            (rising edge-triggered cell FDCE clocked by fpgaclk  {rise@0.000ns fall@10.000ns period=20.000ns})
  Path Group:             (none)
  Path Type:              Setup (Max at Slow Process Corner)
  Data Path Delay:        3.159ns  (logic 1.437ns (45.508%)  route 1.721ns (54.492%))
  Logic Levels:           1  (IBUF=1)
  Clock Path Skew:        5.015ns (DCD - SCD + CPR)
    Destination Clock Delay (DCD):    5.015ns
    Source Clock Delay      (SCD):    0.000ns
    Clock Pessimism Removal (CPR):    0.000ns
  Clock Uncertainty:      0.025ns  ((TSJ^2 + TIJ^2)^1/2 + DJ) / 2 + PE
    Total System Jitter     (TSJ):    0.050ns
    Total Input Jitter      (TIJ):    0.000ns
    Discrete Jitter          (DJ):    0.000ns
    Phase Error              (PE):    0.000ns

    Location             Delay type                Incr(ns)  Path(ns)    Netlist Resource(s)
  -------------------------------------------------------------------    -------------------
    C16                                               0.000     0.000 r  echo (IN)
                         net (fo=0)                   0.000     0.000    echo
    C16                  IBUF (Prop_ibuf_I_O)         1.437     1.437 r  echo_IBUF_inst/O
                         net (fo=22, routed)          1.721     3.159    ultrasonic_Middle/counter_echo_pulse/echo_IBUF
    SLICE_X4Y132         FDCE                                         r  ultrasonic_Middle/counter_echo_pulse/count_reg[16]/CE
  -------------------------------------------------------------------    -------------------

                         (clock fpgaclk rise edge)    0.000     0.000 r  
    W5                                                0.000     0.000 r  fpgaclk (IN)
                         net (fo=0)                   0.000     0.000    fpgaclk
    W5                   IBUF (Prop_ibuf_I_O)         1.388     1.388 r  fpgaclk_IBUF_inst/O
                         net (fo=1, routed)           1.862     3.250    fpgaclk_IBUF
    BUFGCTRL_X0Y0        BUFG (Prop_bufg_I_O)         0.091     3.341 r  fpgaclk_IBUF_BUFG_inst/O
                         net (fo=53, routed)          1.674     5.015    ultrasonic_Middle/counter_echo_pulse/fpgaclk_IBUF_BUFG
    SLICE_X4Y132         FDCE                                         r  ultrasonic_Middle/counter_echo_pulse/count_reg[16]/C

Slack:                    inf
  Source:                 echo
                            (input port)
  Destination:            ultrasonic_Middle/counter_echo_pulse/count_reg[17]/CE
                            (rising edge-triggered cell FDCE clocked by fpgaclk  {rise@0.000ns fall@10.000ns period=20.000ns})
  Path Group:             (none)
  Path Type:              Setup (Max at Slow Process Corner)
  Data Path Delay:        3.159ns  (logic 1.437ns (45.508%)  route 1.721ns (54.492%))
  Logic Levels:           1  (IBUF=1)
  Clock Path Skew:        5.015ns (DCD - SCD + CPR)
    Destination Clock Delay (DCD):    5.015ns
    Source Clock Delay      (SCD):    0.000ns
    Clock Pessimism Removal (CPR):    0.000ns
  Clock Uncertainty:      0.025ns  ((TSJ^2 + TIJ^2)^1/2 + DJ) / 2 + PE
    Total System Jitter     (TSJ):    0.050ns
    Total Input Jitter      (TIJ):    0.000ns
    Discrete Jitter          (DJ):    0.000ns
    Phase Error              (PE):    0.000ns

    Location             Delay type                Incr(ns)  Path(ns)    Netlist Resource(s)
  -------------------------------------------------------------------    -------------------
    C16                                               0.000     0.000 r  echo (IN)
                         net (fo=0)                   0.000     0.000    echo
    C16                  IBUF (Prop_ibuf_I_O)         1.437     1.437 r  echo_IBUF_inst/O
                         net (fo=22, routed)          1.721     3.159    ultrasonic_Middle/counter_echo_pulse/echo_IBUF
    SLICE_X4Y132         FDCE                                         r  ultrasonic_Middle/counter_echo_pulse/count_reg[17]/CE
  -------------------------------------------------------------------    -------------------

                         (clock fpgaclk rise edge)    0.000     0.000 r  
    W5                                                0.000     0.000 r  fpgaclk (IN)
                         net (fo=0)                   0.000     0.000    fpgaclk
    W5                   IBUF (Prop_ibuf_I_O)         1.388     1.388 r  fpgaclk_IBUF_inst/O
                         net (fo=1, routed)           1.862     3.250    fpgaclk_IBUF
    BUFGCTRL_X0Y0        BUFG (Prop_bufg_I_O)         0.091     3.341 r  fpgaclk_IBUF_BUFG_inst/O
                         net (fo=53, routed)          1.674     5.015    ultrasonic_Middle/counter_echo_pulse/fpgaclk_IBUF_BUFG
    SLICE_X4Y132         FDCE                                         r  ultrasonic_Middle/counter_echo_pulse/count_reg[17]/C

Slack:                    inf
  Source:                 echo
                            (input port)
  Destination:            ultrasonic_Middle/counter_echo_pulse/count_reg[18]/CE
                            (rising edge-triggered cell FDCE clocked by fpgaclk  {rise@0.000ns fall@10.000ns period=20.000ns})
  Path Group:             (none)
  Path Type:              Setup (Max at Slow Process Corner)
  Data Path Delay:        3.159ns  (logic 1.437ns (45.508%)  route 1.721ns (54.492%))
  Logic Levels:           1  (IBUF=1)
  Clock Path Skew:        5.015ns (DCD - SCD + CPR)
    Destination Clock Delay (DCD):    5.015ns
    Source Clock Delay      (SCD):    0.000ns
    Clock Pessimism Removal (CPR):    0.000ns
  Clock Uncertainty:      0.025ns  ((TSJ^2 + TIJ^2)^1/2 + DJ) / 2 + PE
    Total System Jitter     (TSJ):    0.050ns
    Total Input Jitter      (TIJ):    0.000ns
    Discrete Jitter          (DJ):    0.000ns
    Phase Error              (PE):    0.000ns

    Location             Delay type                Incr(ns)  Path(ns)    Netlist Resource(s)
  -------------------------------------------------------------------    -------------------
    C16                                               0.000     0.000 r  echo (IN)
                         net (fo=0)                   0.000     0.000    echo
    C16                  IBUF (Prop_ibuf_I_O)         1.437     1.437 r  echo_IBUF_inst/O
                         net (fo=22, routed)          1.721     3.159    ultrasonic_Middle/counter_echo_pulse/echo_IBUF
    SLICE_X4Y132         FDCE                                         r  ultrasonic_Middle/counter_echo_pulse/count_reg[18]/CE
  -------------------------------------------------------------------    -------------------

                         (clock fpgaclk rise edge)    0.000     0.000 r  
    W5                                                0.000     0.000 r  fpgaclk (IN)
                         net (fo=0)                   0.000     0.000    fpgaclk
    W5                   IBUF (Prop_ibuf_I_O)         1.388     1.388 r  fpgaclk_IBUF_inst/O
                         net (fo=1, routed)           1.862     3.250    fpgaclk_IBUF
    BUFGCTRL_X0Y0        BUFG (Prop_bufg_I_O)         0.091     3.341 r  fpgaclk_IBUF_BUFG_inst/O
                         net (fo=53, routed)          1.674     5.015    ultrasonic_Middle/counter_echo_pulse/fpgaclk_IBUF_BUFG
    SLICE_X4Y132         FDCE                                         r  ultrasonic_Middle/counter_echo_pulse/count_reg[18]/C

Slack:                    inf
  Source:                 echo
                            (input port)
  Destination:            ultrasonic_Middle/counter_echo_pulse/count_reg[19]/CE
                            (rising edge-triggered cell FDCE clocked by fpgaclk  {rise@0.000ns fall@10.000ns period=20.000ns})
  Path Group:             (none)
  Path Type:              Setup (Max at Slow Process Corner)
  Data Path Delay:        3.159ns  (logic 1.437ns (45.508%)  route 1.721ns (54.492%))
  Logic Levels:           1  (IBUF=1)
  Clock Path Skew:        5.015ns (DCD - SCD + CPR)
    Destination Clock Delay (DCD):    5.015ns
    Source Clock Delay      (SCD):    0.000ns
    Clock Pessimism Removal (CPR):    0.000ns
  Clock Uncertainty:      0.025ns  ((TSJ^2 + TIJ^2)^1/2 + DJ) / 2 + PE
    Total System Jitter     (TSJ):    0.050ns
    Total Input Jitter      (TIJ):    0.000ns
    Discrete Jitter          (DJ):    0.000ns
    Phase Error              (PE):    0.000ns

    Location             Delay type                Incr(ns)  Path(ns)    Netlist Resource(s)
  -------------------------------------------------------------------    -------------------
    C16                                               0.000     0.000 r  echo (IN)
                         net (fo=0)                   0.000     0.000    echo
    C16                  IBUF (Prop_ibuf_I_O)         1.437     1.437 r  echo_IBUF_inst/O
                         net (fo=22, routed)          1.721     3.159    ultrasonic_Middle/counter_echo_pulse/echo_IBUF
    SLICE_X4Y132         FDCE                                         r  ultrasonic_Middle/counter_echo_pulse/count_reg[19]/CE
  -------------------------------------------------------------------    -------------------

                         (clock fpgaclk rise edge)    0.000     0.000 r  
    W5                                                0.000     0.000 r  fpgaclk (IN)
                         net (fo=0)                   0.000     0.000    fpgaclk
    W5                   IBUF (Prop_ibuf_I_O)         1.388     1.388 r  fpgaclk_IBUF_inst/O
                         net (fo=1, routed)           1.862     3.250    fpgaclk_IBUF
    BUFGCTRL_X0Y0        BUFG (Prop_bufg_I_O)         0.091     3.341 r  fpgaclk_IBUF_BUFG_inst/O
                         net (fo=53, routed)          1.674     5.015    ultrasonic_Middle/counter_echo_pulse/fpgaclk_IBUF_BUFG
    SLICE_X4Y132         FDCE                                         r  ultrasonic_Middle/counter_echo_pulse/count_reg[19]/C

Slack:                    inf
  Source:                 echo
                            (input port)
  Destination:            ultrasonic_Middle/counter_echo_pulse/count_reg[12]/CE
                            (rising edge-triggered cell FDCE clocked by fpgaclk  {rise@0.000ns fall@10.000ns period=20.000ns})
  Path Group:             (none)
  Path Type:              Setup (Max at Slow Process Corner)
  Data Path Delay:        3.027ns  (logic 1.437ns (47.489%)  route 1.589ns (52.511%))
  Logic Levels:           1  (IBUF=1)
  Clock Path Skew:        5.013ns (DCD - SCD + CPR)
    Destination Clock Delay (DCD):    5.013ns
    Source Clock Delay      (SCD):    0.000ns
    Clock Pessimism Removal (CPR):    0.000ns
  Clock Uncertainty:      0.025ns  ((TSJ^2 + TIJ^2)^1/2 + DJ) / 2 + PE
    Total System Jitter     (TSJ):    0.050ns
    Total Input Jitter      (TIJ):    0.000ns
    Discrete Jitter          (DJ):    0.000ns
    Phase Error              (PE):    0.000ns

    Location             Delay type                Incr(ns)  Path(ns)    Netlist Resource(s)
  -------------------------------------------------------------------    -------------------
    C16                                               0.000     0.000 r  echo (IN)
                         net (fo=0)                   0.000     0.000    echo
    C16                  IBUF (Prop_ibuf_I_O)         1.437     1.437 r  echo_IBUF_inst/O
                         net (fo=22, routed)          1.589     3.027    ultrasonic_Middle/counter_echo_pulse/echo_IBUF
    SLICE_X4Y131         FDCE                                         r  ultrasonic_Middle/counter_echo_pulse/count_reg[12]/CE
  -------------------------------------------------------------------    -------------------

                         (clock fpgaclk rise edge)    0.000     0.000 r  
    W5                                                0.000     0.000 r  fpgaclk (IN)
                         net (fo=0)                   0.000     0.000    fpgaclk
    W5                   IBUF (Prop_ibuf_I_O)         1.388     1.388 r  fpgaclk_IBUF_inst/O
                         net (fo=1, routed)           1.862     3.250    fpgaclk_IBUF
    BUFGCTRL_X0Y0        BUFG (Prop_bufg_I_O)         0.091     3.341 r  fpgaclk_IBUF_BUFG_inst/O
                         net (fo=53, routed)          1.672     5.013    ultrasonic_Middle/counter_echo_pulse/fpgaclk_IBUF_BUFG
    SLICE_X4Y131         FDCE                                         r  ultrasonic_Middle/counter_echo_pulse/count_reg[12]/C

Slack:                    inf
  Source:                 echo
                            (input port)
  Destination:            ultrasonic_Middle/counter_echo_pulse/count_reg[13]/CE
                            (rising edge-triggered cell FDCE clocked by fpgaclk  {rise@0.000ns fall@10.000ns period=20.000ns})
  Path Group:             (none)
  Path Type:              Setup (Max at Slow Process Corner)
  Data Path Delay:        3.027ns  (logic 1.437ns (47.489%)  route 1.589ns (52.511%))
  Logic Levels:           1  (IBUF=1)
  Clock Path Skew:        5.013ns (DCD - SCD + CPR)
    Destination Clock Delay (DCD):    5.013ns
    Source Clock Delay      (SCD):    0.000ns
    Clock Pessimism Removal (CPR):    0.000ns
  Clock Uncertainty:      0.025ns  ((TSJ^2 + TIJ^2)^1/2 + DJ) / 2 + PE
    Total System Jitter     (TSJ):    0.050ns
    Total Input Jitter      (TIJ):    0.000ns
    Discrete Jitter          (DJ):    0.000ns
    Phase Error              (PE):    0.000ns

    Location             Delay type                Incr(ns)  Path(ns)    Netlist Resource(s)
  -------------------------------------------------------------------    -------------------
    C16                                               0.000     0.000 r  echo (IN)
                         net (fo=0)                   0.000     0.000    echo
    C16                  IBUF (Prop_ibuf_I_O)         1.437     1.437 r  echo_IBUF_inst/O
                         net (fo=22, routed)          1.589     3.027    ultrasonic_Middle/counter_echo_pulse/echo_IBUF
    SLICE_X4Y131         FDCE                                         r  ultrasonic_Middle/counter_echo_pulse/count_reg[13]/CE
  -------------------------------------------------------------------    -------------------

                         (clock fpgaclk rise edge)    0.000     0.000 r  
    W5                                                0.000     0.000 r  fpgaclk (IN)
                         net (fo=0)                   0.000     0.000    fpgaclk
    W5                   IBUF (Prop_ibuf_I_O)         1.388     1.388 r  fpgaclk_IBUF_inst/O
                         net (fo=1, routed)           1.862     3.250    fpgaclk_IBUF
    BUFGCTRL_X0Y0        BUFG (Prop_bufg_I_O)         0.091     3.341 r  fpgaclk_IBUF_BUFG_inst/O
                         net (fo=53, routed)          1.672     5.013    ultrasonic_Middle/counter_echo_pulse/fpgaclk_IBUF_BUFG
    SLICE_X4Y131         FDCE                                         r  ultrasonic_Middle/counter_echo_pulse/count_reg[13]/C

Slack:                    inf
  Source:                 echo
                            (input port)
  Destination:            ultrasonic_Middle/counter_echo_pulse/count_reg[14]/CE
                            (rising edge-triggered cell FDCE clocked by fpgaclk  {rise@0.000ns fall@10.000ns period=20.000ns})
  Path Group:             (none)
  Path Type:              Setup (Max at Slow Process Corner)
  Data Path Delay:        3.027ns  (logic 1.437ns (47.489%)  route 1.589ns (52.511%))
  Logic Levels:           1  (IBUF=1)
  Clock Path Skew:        5.013ns (DCD - SCD + CPR)
    Destination Clock Delay (DCD):    5.013ns
    Source Clock Delay      (SCD):    0.000ns
    Clock Pessimism Removal (CPR):    0.000ns
  Clock Uncertainty:      0.025ns  ((TSJ^2 + TIJ^2)^1/2 + DJ) / 2 + PE
    Total System Jitter     (TSJ):    0.050ns
    Total Input Jitter      (TIJ):    0.000ns
    Discrete Jitter          (DJ):    0.000ns
    Phase Error              (PE):    0.000ns

    Location             Delay type                Incr(ns)  Path(ns)    Netlist Resource(s)
  -------------------------------------------------------------------    -------------------
    C16                                               0.000     0.000 r  echo (IN)
                         net (fo=0)                   0.000     0.000    echo
    C16                  IBUF (Prop_ibuf_I_O)         1.437     1.437 r  echo_IBUF_inst/O
                         net (fo=22, routed)          1.589     3.027    ultrasonic_Middle/counter_echo_pulse/echo_IBUF
    SLICE_X4Y131         FDCE                                         r  ultrasonic_Middle/counter_echo_pulse/count_reg[14]/CE
  -------------------------------------------------------------------    -------------------

                         (clock fpgaclk rise edge)    0.000     0.000 r  
    W5                                                0.000     0.000 r  fpgaclk (IN)
                         net (fo=0)                   0.000     0.000    fpgaclk
    W5                   IBUF (Prop_ibuf_I_O)         1.388     1.388 r  fpgaclk_IBUF_inst/O
                         net (fo=1, routed)           1.862     3.250    fpgaclk_IBUF
    BUFGCTRL_X0Y0        BUFG (Prop_bufg_I_O)         0.091     3.341 r  fpgaclk_IBUF_BUFG_inst/O
                         net (fo=53, routed)          1.672     5.013    ultrasonic_Middle/counter_echo_pulse/fpgaclk_IBUF_BUFG
    SLICE_X4Y131         FDCE                                         r  ultrasonic_Middle/counter_echo_pulse/count_reg[14]/C

Slack:                    inf
  Source:                 echo
                            (input port)
  Destination:            ultrasonic_Middle/counter_echo_pulse/count_reg[15]/CE
                            (rising edge-triggered cell FDCE clocked by fpgaclk  {rise@0.000ns fall@10.000ns period=20.000ns})
  Path Group:             (none)
  Path Type:              Setup (Max at Slow Process Corner)
  Data Path Delay:        3.027ns  (logic 1.437ns (47.489%)  route 1.589ns (52.511%))
  Logic Levels:           1  (IBUF=1)
  Clock Path Skew:        5.013ns (DCD - SCD + CPR)
    Destination Clock Delay (DCD):    5.013ns
    Source Clock Delay      (SCD):    0.000ns
    Clock Pessimism Removal (CPR):    0.000ns
  Clock Uncertainty:      0.025ns  ((TSJ^2 + TIJ^2)^1/2 + DJ) / 2 + PE
    Total System Jitter     (TSJ):    0.050ns
    Total Input Jitter      (TIJ):    0.000ns
    Discrete Jitter          (DJ):    0.000ns
    Phase Error              (PE):    0.000ns

    Location             Delay type                Incr(ns)  Path(ns)    Netlist Resource(s)
  -------------------------------------------------------------------    -------------------
    C16                                               0.000     0.000 r  echo (IN)
                         net (fo=0)                   0.000     0.000    echo
    C16                  IBUF (Prop_ibuf_I_O)         1.437     1.437 r  echo_IBUF_inst/O
                         net (fo=22, routed)          1.589     3.027    ultrasonic_Middle/counter_echo_pulse/echo_IBUF
    SLICE_X4Y131         FDCE                                         r  ultrasonic_Middle/counter_echo_pulse/count_reg[15]/CE
  -------------------------------------------------------------------    -------------------

                         (clock fpgaclk rise edge)    0.000     0.000 r  
    W5                                                0.000     0.000 r  fpgaclk (IN)
                         net (fo=0)                   0.000     0.000    fpgaclk
    W5                   IBUF (Prop_ibuf_I_O)         1.388     1.388 r  fpgaclk_IBUF_inst/O
                         net (fo=1, routed)           1.862     3.250    fpgaclk_IBUF
    BUFGCTRL_X0Y0        BUFG (Prop_bufg_I_O)         0.091     3.341 r  fpgaclk_IBUF_BUFG_inst/O
                         net (fo=53, routed)          1.672     5.013    ultrasonic_Middle/counter_echo_pulse/fpgaclk_IBUF_BUFG
    SLICE_X4Y131         FDCE                                         r  ultrasonic_Middle/counter_echo_pulse/count_reg[15]/C





Min Delay Paths
--------------------------------------------------------------------------------------
Slack:                    inf
  Source:                 echo
                            (input port)
  Destination:            ultrasonic_Middle/counter_echo_pulse/count_reg[0]/CE
                            (rising edge-triggered cell FDCE clocked by fpgaclk  {rise@0.000ns fall@10.000ns period=20.000ns})
  Path Group:             (none)
  Path Type:              Hold (Min at Fast Process Corner)
  Data Path Delay:        0.686ns  (logic 0.206ns (29.982%)  route 0.480ns (70.018%))
  Logic Levels:           1  (IBUF=1)
  Clock Path Skew:        2.064ns (DCD - SCD - CPR)
    Destination Clock Delay (DCD):    2.064ns
    Source Clock Delay      (SCD):    0.000ns
    Clock Pessimism Removal (CPR):    -0.000ns

    Location             Delay type                Incr(ns)  Path(ns)    Netlist Resource(s)
  -------------------------------------------------------------------    -------------------
    C16                                               0.000     0.000 r  echo (IN)
                         net (fo=0)                   0.000     0.000    echo
    C16                  IBUF (Prop_ibuf_I_O)         0.206     0.206 r  echo_IBUF_inst/O
                         net (fo=22, routed)          0.480     0.686    ultrasonic_Middle/counter_echo_pulse/echo_IBUF
    SLICE_X4Y128         FDCE                                         r  ultrasonic_Middle/counter_echo_pulse/count_reg[0]/CE
  -------------------------------------------------------------------    -------------------

                         (clock fpgaclk rise edge)    0.000     0.000 r  
    W5                                                0.000     0.000 r  fpgaclk (IN)
                         net (fo=0)                   0.000     0.000    fpgaclk
    W5                   IBUF (Prop_ibuf_I_O)         0.414     0.414 r  fpgaclk_IBUF_inst/O
                         net (fo=1, routed)           0.685     1.099    fpgaclk_IBUF
    BUFGCTRL_X0Y0        BUFG (Prop_bufg_I_O)         0.029     1.128 r  fpgaclk_IBUF_BUFG_inst/O
                         net (fo=53, routed)          0.936     2.064    ultrasonic_Middle/counter_echo_pulse/fpgaclk_IBUF_BUFG
    SLICE_X4Y128         FDCE                                         r  ultrasonic_Middle/counter_echo_pulse/count_reg[0]/C

Slack:                    inf
  Source:                 echo
                            (input port)
  Destination:            ultrasonic_Middle/counter_echo_pulse/count_reg[1]/CE
                            (rising edge-triggered cell FDCE clocked by fpgaclk  {rise@0.000ns fall@10.000ns period=20.000ns})
  Path Group:             (none)
  Path Type:              Hold (Min at Fast Process Corner)
  Data Path Delay:        0.686ns  (logic 0.206ns (29.982%)  route 0.480ns (70.018%))
  Logic Levels:           1  (IBUF=1)
  Clock Path Skew:        2.064ns (DCD - SCD - CPR)
    Destination Clock Delay (DCD):    2.064ns
    Source Clock Delay      (SCD):    0.000ns
    Clock Pessimism Removal (CPR):    -0.000ns

    Location             Delay type                Incr(ns)  Path(ns)    Netlist Resource(s)
  -------------------------------------------------------------------    -------------------
    C16                                               0.000     0.000 r  echo (IN)
                         net (fo=0)                   0.000     0.000    echo
    C16                  IBUF (Prop_ibuf_I_O)         0.206     0.206 r  echo_IBUF_inst/O
                         net (fo=22, routed)          0.480     0.686    ultrasonic_Middle/counter_echo_pulse/echo_IBUF
    SLICE_X4Y128         FDCE                                         r  ultrasonic_Middle/counter_echo_pulse/count_reg[1]/CE
  -------------------------------------------------------------------    -------------------

                         (clock fpgaclk rise edge)    0.000     0.000 r  
    W5                                                0.000     0.000 r  fpgaclk (IN)
                         net (fo=0)                   0.000     0.000    fpgaclk
    W5                   IBUF (Prop_ibuf_I_O)         0.414     0.414 r  fpgaclk_IBUF_inst/O
                         net (fo=1, routed)           0.685     1.099    fpgaclk_IBUF
    BUFGCTRL_X0Y0        BUFG (Prop_bufg_I_O)         0.029     1.128 r  fpgaclk_IBUF_BUFG_inst/O
                         net (fo=53, routed)          0.936     2.064    ultrasonic_Middle/counter_echo_pulse/fpgaclk_IBUF_BUFG
    SLICE_X4Y128         FDCE                                         r  ultrasonic_Middle/counter_echo_pulse/count_reg[1]/C

Slack:                    inf
  Source:                 echo
                            (input port)
  Destination:            ultrasonic_Middle/counter_echo_pulse/count_reg[2]/CE
                            (rising edge-triggered cell FDCE clocked by fpgaclk  {rise@0.000ns fall@10.000ns period=20.000ns})
  Path Group:             (none)
  Path Type:              Hold (Min at Fast Process Corner)
  Data Path Delay:        0.686ns  (logic 0.206ns (29.982%)  route 0.480ns (70.018%))
  Logic Levels:           1  (IBUF=1)
  Clock Path Skew:        2.064ns (DCD - SCD - CPR)
    Destination Clock Delay (DCD):    2.064ns
    Source Clock Delay      (SCD):    0.000ns
    Clock Pessimism Removal (CPR):    -0.000ns

    Location             Delay type                Incr(ns)  Path(ns)    Netlist Resource(s)
  -------------------------------------------------------------------    -------------------
    C16                                               0.000     0.000 r  echo (IN)
                         net (fo=0)                   0.000     0.000    echo
    C16                  IBUF (Prop_ibuf_I_O)         0.206     0.206 r  echo_IBUF_inst/O
                         net (fo=22, routed)          0.480     0.686    ultrasonic_Middle/counter_echo_pulse/echo_IBUF
    SLICE_X4Y128         FDCE                                         r  ultrasonic_Middle/counter_echo_pulse/count_reg[2]/CE
  -------------------------------------------------------------------    -------------------

                         (clock fpgaclk rise edge)    0.000     0.000 r  
    W5                                                0.000     0.000 r  fpgaclk (IN)
                         net (fo=0)                   0.000     0.000    fpgaclk
    W5                   IBUF (Prop_ibuf_I_O)         0.414     0.414 r  fpgaclk_IBUF_inst/O
                         net (fo=1, routed)           0.685     1.099    fpgaclk_IBUF
    BUFGCTRL_X0Y0        BUFG (Prop_bufg_I_O)         0.029     1.128 r  fpgaclk_IBUF_BUFG_inst/O
                         net (fo=53, routed)          0.936     2.064    ultrasonic_Middle/counter_echo_pulse/fpgaclk_IBUF_BUFG
    SLICE_X4Y128         FDCE                                         r  ultrasonic_Middle/counter_echo_pulse/count_reg[2]/C

Slack:                    inf
  Source:                 echo
                            (input port)
  Destination:            ultrasonic_Middle/counter_echo_pulse/count_reg[3]/CE
                            (rising edge-triggered cell FDCE clocked by fpgaclk  {rise@0.000ns fall@10.000ns period=20.000ns})
  Path Group:             (none)
  Path Type:              Hold (Min at Fast Process Corner)
  Data Path Delay:        0.686ns  (logic 0.206ns (29.982%)  route 0.480ns (70.018%))
  Logic Levels:           1  (IBUF=1)
  Clock Path Skew:        2.064ns (DCD - SCD - CPR)
    Destination Clock Delay (DCD):    2.064ns
    Source Clock Delay      (SCD):    0.000ns
    Clock Pessimism Removal (CPR):    -0.000ns

    Location             Delay type                Incr(ns)  Path(ns)    Netlist Resource(s)
  -------------------------------------------------------------------    -------------------
    C16                                               0.000     0.000 r  echo (IN)
                         net (fo=0)                   0.000     0.000    echo
    C16                  IBUF (Prop_ibuf_I_O)         0.206     0.206 r  echo_IBUF_inst/O
                         net (fo=22, routed)          0.480     0.686    ultrasonic_Middle/counter_echo_pulse/echo_IBUF
    SLICE_X4Y128         FDCE                                         r  ultrasonic_Middle/counter_echo_pulse/count_reg[3]/CE
  -------------------------------------------------------------------    -------------------

                         (clock fpgaclk rise edge)    0.000     0.000 r  
    W5                                                0.000     0.000 r  fpgaclk (IN)
                         net (fo=0)                   0.000     0.000    fpgaclk
    W5                   IBUF (Prop_ibuf_I_O)         0.414     0.414 r  fpgaclk_IBUF_inst/O
                         net (fo=1, routed)           0.685     1.099    fpgaclk_IBUF
    BUFGCTRL_X0Y0        BUFG (Prop_bufg_I_O)         0.029     1.128 r  fpgaclk_IBUF_BUFG_inst/O
                         net (fo=53, routed)          0.936     2.064    ultrasonic_Middle/counter_echo_pulse/fpgaclk_IBUF_BUFG
    SLICE_X4Y128         FDCE                                         r  ultrasonic_Middle/counter_echo_pulse/count_reg[3]/C

Slack:                    inf
  Source:                 echo
                            (input port)
  Destination:            ultrasonic_Middle/counter_echo_pulse/count_reg[4]/CE
                            (rising edge-triggered cell FDCE clocked by fpgaclk  {rise@0.000ns fall@10.000ns period=20.000ns})
  Path Group:             (none)
  Path Type:              Hold (Min at Fast Process Corner)
  Data Path Delay:        0.793ns  (logic 0.206ns (25.938%)  route 0.587ns (74.062%))
  Logic Levels:           1  (IBUF=1)
  Clock Path Skew:        2.065ns (DCD - SCD - CPR)
    Destination Clock Delay (DCD):    2.065ns
    Source Clock Delay      (SCD):    0.000ns
    Clock Pessimism Removal (CPR):    -0.000ns

    Location             Delay type                Incr(ns)  Path(ns)    Netlist Resource(s)
  -------------------------------------------------------------------    -------------------
    C16                                               0.000     0.000 r  echo (IN)
                         net (fo=0)                   0.000     0.000    echo
    C16                  IBUF (Prop_ibuf_I_O)         0.206     0.206 r  echo_IBUF_inst/O
                         net (fo=22, routed)          0.587     0.793    ultrasonic_Middle/counter_echo_pulse/echo_IBUF
    SLICE_X4Y129         FDCE                                         r  ultrasonic_Middle/counter_echo_pulse/count_reg[4]/CE
  -------------------------------------------------------------------    -------------------

                         (clock fpgaclk rise edge)    0.000     0.000 r  
    W5                                                0.000     0.000 r  fpgaclk (IN)
                         net (fo=0)                   0.000     0.000    fpgaclk
    W5                   IBUF (Prop_ibuf_I_O)         0.414     0.414 r  fpgaclk_IBUF_inst/O
                         net (fo=1, routed)           0.685     1.099    fpgaclk_IBUF
    BUFGCTRL_X0Y0        BUFG (Prop_bufg_I_O)         0.029     1.128 r  fpgaclk_IBUF_BUFG_inst/O
                         net (fo=53, routed)          0.937     2.065    ultrasonic_Middle/counter_echo_pulse/fpgaclk_IBUF_BUFG
    SLICE_X4Y129         FDCE                                         r  ultrasonic_Middle/counter_echo_pulse/count_reg[4]/C

Slack:                    inf
  Source:                 echo
                            (input port)
  Destination:            ultrasonic_Middle/counter_echo_pulse/count_reg[5]/CE
                            (rising edge-triggered cell FDCE clocked by fpgaclk  {rise@0.000ns fall@10.000ns period=20.000ns})
  Path Group:             (none)
  Path Type:              Hold (Min at Fast Process Corner)
  Data Path Delay:        0.793ns  (logic 0.206ns (25.938%)  route 0.587ns (74.062%))
  Logic Levels:           1  (IBUF=1)
  Clock Path Skew:        2.065ns (DCD - SCD - CPR)
    Destination Clock Delay (DCD):    2.065ns
    Source Clock Delay      (SCD):    0.000ns
    Clock Pessimism Removal (CPR):    -0.000ns

    Location             Delay type                Incr(ns)  Path(ns)    Netlist Resource(s)
  -------------------------------------------------------------------    -------------------
    C16                                               0.000     0.000 r  echo (IN)
                         net (fo=0)                   0.000     0.000    echo
    C16                  IBUF (Prop_ibuf_I_O)         0.206     0.206 r  echo_IBUF_inst/O
                         net (fo=22, routed)          0.587     0.793    ultrasonic_Middle/counter_echo_pulse/echo_IBUF
    SLICE_X4Y129         FDCE                                         r  ultrasonic_Middle/counter_echo_pulse/count_reg[5]/CE
  -------------------------------------------------------------------    -------------------

                         (clock fpgaclk rise edge)    0.000     0.000 r  
    W5                                                0.000     0.000 r  fpgaclk (IN)
                         net (fo=0)                   0.000     0.000    fpgaclk
    W5                   IBUF (Prop_ibuf_I_O)         0.414     0.414 r  fpgaclk_IBUF_inst/O
                         net (fo=1, routed)           0.685     1.099    fpgaclk_IBUF
    BUFGCTRL_X0Y0        BUFG (Prop_bufg_I_O)         0.029     1.128 r  fpgaclk_IBUF_BUFG_inst/O
                         net (fo=53, routed)          0.937     2.065    ultrasonic_Middle/counter_echo_pulse/fpgaclk_IBUF_BUFG
    SLICE_X4Y129         FDCE                                         r  ultrasonic_Middle/counter_echo_pulse/count_reg[5]/C

Slack:                    inf
  Source:                 echo
                            (input port)
  Destination:            ultrasonic_Middle/counter_echo_pulse/count_reg[6]/CE
                            (rising edge-triggered cell FDCE clocked by fpgaclk  {rise@0.000ns fall@10.000ns period=20.000ns})
  Path Group:             (none)
  Path Type:              Hold (Min at Fast Process Corner)
  Data Path Delay:        0.793ns  (logic 0.206ns (25.938%)  route 0.587ns (74.062%))
  Logic Levels:           1  (IBUF=1)
  Clock Path Skew:        2.065ns (DCD - SCD - CPR)
    Destination Clock Delay (DCD):    2.065ns
    Source Clock Delay      (SCD):    0.000ns
    Clock Pessimism Removal (CPR):    -0.000ns

    Location             Delay type                Incr(ns)  Path(ns)    Netlist Resource(s)
  -------------------------------------------------------------------    -------------------
    C16                                               0.000     0.000 r  echo (IN)
                         net (fo=0)                   0.000     0.000    echo
    C16                  IBUF (Prop_ibuf_I_O)         0.206     0.206 r  echo_IBUF_inst/O
                         net (fo=22, routed)          0.587     0.793    ultrasonic_Middle/counter_echo_pulse/echo_IBUF
    SLICE_X4Y129         FDCE                                         r  ultrasonic_Middle/counter_echo_pulse/count_reg[6]/CE
  -------------------------------------------------------------------    -------------------

                         (clock fpgaclk rise edge)    0.000     0.000 r  
    W5                                                0.000     0.000 r  fpgaclk (IN)
                         net (fo=0)                   0.000     0.000    fpgaclk
    W5                   IBUF (Prop_ibuf_I_O)         0.414     0.414 r  fpgaclk_IBUF_inst/O
                         net (fo=1, routed)           0.685     1.099    fpgaclk_IBUF
    BUFGCTRL_X0Y0        BUFG (Prop_bufg_I_O)         0.029     1.128 r  fpgaclk_IBUF_BUFG_inst/O
                         net (fo=53, routed)          0.937     2.065    ultrasonic_Middle/counter_echo_pulse/fpgaclk_IBUF_BUFG
    SLICE_X4Y129         FDCE                                         r  ultrasonic_Middle/counter_echo_pulse/count_reg[6]/C

Slack:                    inf
  Source:                 echo
                            (input port)
  Destination:            ultrasonic_Middle/counter_echo_pulse/count_reg[7]/CE
                            (rising edge-triggered cell FDCE clocked by fpgaclk  {rise@0.000ns fall@10.000ns period=20.000ns})
  Path Group:             (none)
  Path Type:              Hold (Min at Fast Process Corner)
  Data Path Delay:        0.793ns  (logic 0.206ns (25.938%)  route 0.587ns (74.062%))
  Logic Levels:           1  (IBUF=1)
  Clock Path Skew:        2.065ns (DCD - SCD - CPR)
    Destination Clock Delay (DCD):    2.065ns
    Source Clock Delay      (SCD):    0.000ns
    Clock Pessimism Removal (CPR):    -0.000ns

    Location             Delay type                Incr(ns)  Path(ns)    Netlist Resource(s)
  -------------------------------------------------------------------    -------------------
    C16                                               0.000     0.000 r  echo (IN)
                         net (fo=0)                   0.000     0.000    echo
    C16                  IBUF (Prop_ibuf_I_O)         0.206     0.206 r  echo_IBUF_inst/O
                         net (fo=22, routed)          0.587     0.793    ultrasonic_Middle/counter_echo_pulse/echo_IBUF
    SLICE_X4Y129         FDCE                                         r  ultrasonic_Middle/counter_echo_pulse/count_reg[7]/CE
  -------------------------------------------------------------------    -------------------

                         (clock fpgaclk rise edge)    0.000     0.000 r  
    W5                                                0.000     0.000 r  fpgaclk (IN)
                         net (fo=0)                   0.000     0.000    fpgaclk
    W5                   IBUF (Prop_ibuf_I_O)         0.414     0.414 r  fpgaclk_IBUF_inst/O
                         net (fo=1, routed)           0.685     1.099    fpgaclk_IBUF
    BUFGCTRL_X0Y0        BUFG (Prop_bufg_I_O)         0.029     1.128 r  fpgaclk_IBUF_BUFG_inst/O
                         net (fo=53, routed)          0.937     2.065    ultrasonic_Middle/counter_echo_pulse/fpgaclk_IBUF_BUFG
    SLICE_X4Y129         FDCE                                         r  ultrasonic_Middle/counter_echo_pulse/count_reg[7]/C

Slack:                    inf
  Source:                 echo
                            (input port)
  Destination:            ultrasonic_Middle/counter_echo_pulse/count_reg[10]/CE
                            (rising edge-triggered cell FDCE clocked by fpgaclk  {rise@0.000ns fall@10.000ns period=20.000ns})
  Path Group:             (none)
  Path Type:              Hold (Min at Fast Process Corner)
  Data Path Delay:        0.849ns  (logic 0.206ns (24.231%)  route 0.643ns (75.769%))
  Logic Levels:           1  (IBUF=1)
  Clock Path Skew:        2.066ns (DCD - SCD - CPR)
    Destination Clock Delay (DCD):    2.066ns
    Source Clock Delay      (SCD):    0.000ns
    Clock Pessimism Removal (CPR):    -0.000ns

    Location             Delay type                Incr(ns)  Path(ns)    Netlist Resource(s)
  -------------------------------------------------------------------    -------------------
    C16                                               0.000     0.000 r  echo (IN)
                         net (fo=0)                   0.000     0.000    echo
    C16                  IBUF (Prop_ibuf_I_O)         0.206     0.206 r  echo_IBUF_inst/O
                         net (fo=22, routed)          0.643     0.849    ultrasonic_Middle/counter_echo_pulse/echo_IBUF
    SLICE_X4Y130         FDCE                                         r  ultrasonic_Middle/counter_echo_pulse/count_reg[10]/CE
  -------------------------------------------------------------------    -------------------

                         (clock fpgaclk rise edge)    0.000     0.000 r  
    W5                                                0.000     0.000 r  fpgaclk (IN)
                         net (fo=0)                   0.000     0.000    fpgaclk
    W5                   IBUF (Prop_ibuf_I_O)         0.414     0.414 r  fpgaclk_IBUF_inst/O
                         net (fo=1, routed)           0.685     1.099    fpgaclk_IBUF
    BUFGCTRL_X0Y0        BUFG (Prop_bufg_I_O)         0.029     1.128 r  fpgaclk_IBUF_BUFG_inst/O
                         net (fo=53, routed)          0.938     2.066    ultrasonic_Middle/counter_echo_pulse/fpgaclk_IBUF_BUFG
    SLICE_X4Y130         FDCE                                         r  ultrasonic_Middle/counter_echo_pulse/count_reg[10]/C

Slack:                    inf
  Source:                 echo
                            (input port)
  Destination:            ultrasonic_Middle/counter_echo_pulse/count_reg[11]/CE
                            (rising edge-triggered cell FDCE clocked by fpgaclk  {rise@0.000ns fall@10.000ns period=20.000ns})
  Path Group:             (none)
  Path Type:              Hold (Min at Fast Process Corner)
  Data Path Delay:        0.849ns  (logic 0.206ns (24.231%)  route 0.643ns (75.769%))
  Logic Levels:           1  (IBUF=1)
  Clock Path Skew:        2.066ns (DCD - SCD - CPR)
    Destination Clock Delay (DCD):    2.066ns
    Source Clock Delay      (SCD):    0.000ns
    Clock Pessimism Removal (CPR):    -0.000ns

    Location             Delay type                Incr(ns)  Path(ns)    Netlist Resource(s)
  -------------------------------------------------------------------    -------------------
    C16                                               0.000     0.000 r  echo (IN)
                         net (fo=0)                   0.000     0.000    echo
    C16                  IBUF (Prop_ibuf_I_O)         0.206     0.206 r  echo_IBUF_inst/O
                         net (fo=22, routed)          0.643     0.849    ultrasonic_Middle/counter_echo_pulse/echo_IBUF
    SLICE_X4Y130         FDCE                                         r  ultrasonic_Middle/counter_echo_pulse/count_reg[11]/CE
  -------------------------------------------------------------------    -------------------

                         (clock fpgaclk rise edge)    0.000     0.000 r  
    W5                                                0.000     0.000 r  fpgaclk (IN)
                         net (fo=0)                   0.000     0.000    fpgaclk
    W5                   IBUF (Prop_ibuf_I_O)         0.414     0.414 r  fpgaclk_IBUF_inst/O
                         net (fo=1, routed)           0.685     1.099    fpgaclk_IBUF
    BUFGCTRL_X0Y0        BUFG (Prop_bufg_I_O)         0.029     1.128 r  fpgaclk_IBUF_BUFG_inst/O
                         net (fo=53, routed)          0.938     2.066    ultrasonic_Middle/counter_echo_pulse/fpgaclk_IBUF_BUFG
    SLICE_X4Y130         FDCE                                         r  ultrasonic_Middle/counter_echo_pulse/count_reg[11]/C





